makat,day_period,East_JLM_lines,service_types,Directness_measurements,Settlements_lines,West_metropolin_lines,InJerusalem_lines,percent_problematic_trips,number_of_complaints,passengersnumber_thousands,socioeco_2019
12035-2-ב,2,0,3,0.41,0,0,1,0.0,1.0,7.726,2.0
12035-2-ב,1,0,3,0.41,0,0,1,0.0,2.0,7.726,2.0
12035-2-ב,3,0,3,0.41,0,0,1,0.0,1.0,7.726,2.0
14023-3-#,2,0,3,0.42,0,0,1,1.64,,10.446,2.0
14023-3-#,1,0,3,0.42,0,0,1,0.0,2.0,10.446,2.0
14023-3-#,3,0,3,0.42,0,0,1,0.0,1.0,10.446,2.0
15019-2-ב,2,0,3,0.85,0,0,1,0.0,1.0,0.514,2.0
15019-2-ב,1,0,3,0.85,0,0,1,,,0.514,2.0
15019-2-ב,3,0,3,0.85,0,0,1,,,0.514,2.0
13033-1-ו,2,0,3,0.51,0,0,1,,,2.317,2.0
13033-1-ו,1,0,3,0.51,0,0,1,0.0,,2.317,2.0
13033-1-ו,3,0,3,0.51,0,0,1,0.0,,2.317,2.0
14024-3-ב,2,0,3,0.83,0,0,1,0.0,,0.262,2.0
14024-3-ב,1,0,3,0.83,0,0,1,0.0,,0.262,2.0
14024-3-ב,3,0,3,0.83,0,0,1,0.0,,0.262,2.0
16057-2-ז,2,0,3,0.29,0,0,1,0.0,17.0,16.568,2.0
16057-2-ז,1,0,3,0.29,0,0,1,0.0,27.0,16.568,2.0
16057-2-ז,3,0,3,0.29,0,0,1,0.0,6.0,16.568,2.0
18007-2-#,2,0,3,0.45,0,0,1,0.0,1.0,11.977,2.0
18007-2-#,1,0,3,0.45,0,0,1,0.0,6.0,11.977,2.0
18007-2-#,3,0,3,0.45,0,0,1,1.35,1.0,11.977,2.0
21003-2-1,2,0,3,0.51,0,0,1,,,0.157,2.0
21003-2-1,1,0,3,0.51,0,0,1,0.0,2.0,0.157,2.0
21003-2-1,3,0,3,0.51,0,0,1,0.0,,0.157,2.0
34001-2-2,2,0,3,0.73,0,0,1,,,0.056,2.0
34001-2-2,1,0,3,0.73,0,0,1,0.0,,0.056,2.0
34001-2-2,3,0,3,0.73,0,0,1,25.0,1.0,0.056,2.0
14009-2-ד,2,0,3,0.28,0,0,1,0.0,1.0,13.766,2.0
14009-2-ד,1,0,3,0.28,0,0,1,0.0,17.0,13.766,2.0
14009-2-ד,3,0,3,0.28,0,0,1,0.0,3.0,13.766,2.0
13033-2-ו,2,0,3,0.48,0,0,1,,,0.522,2.0
13033-2-ו,1,0,3,0.48,0,0,1,0.0,,0.522,2.0
13033-2-ו,3,0,3,0.48,0,0,1,,,0.522,2.0
13068-1-#,2,0,3,0.69,0,0,1,0.83,4.0,24.439,2.0
13068-1-#,1,0,3,0.69,0,0,1,0.33,25.0,24.439,2.0
13068-1-#,3,0,3,0.69,0,0,1,0.0,6.0,24.439,2.0
15098-1-ד,2,0,3,0.61,0,0,1,0.0,,0.133,2.0
15098-1-ד,1,0,3,0.61,0,0,1,,,0.133,2.0
15098-1-ד,3,0,3,0.61,0,0,1,0.0,,0.133,2.0
17021-1-#,2,0,3,0.61,0,0,1,,,0.771,2.0
17021-1-#,1,0,3,0.61,0,0,1,0.0,,0.771,2.0
17021-1-#,3,0,3,0.61,0,0,1,,,0.771,2.0
15048-3-#,2,0,3,0.52,0,0,1,0.0,,0.05,2.0
15048-3-#,1,0,3,0.52,0,0,1,0.0,2.0,0.05,2.0
15048-3-#,3,0,3,0.52,0,0,1,,,0.05,2.0
13036-1-#,2,0,3,0.83,0,0,1,,,0.241,2.0
13036-1-#,1,0,3,0.83,0,0,1,0.0,13.0,0.241,2.0
13036-1-#,3,0,3,0.83,0,0,1,,,0.241,2.0
10803-1-ט,2,0,3,0.6,0,0,1,11.11,,0.734,2.0
10803-1-ט,1,0,3,0.6,0,0,1,,,0.734,2.0
10803-1-ט,3,0,3,0.6,0,0,1,,,0.734,2.0
15019-1-5,2,0,3,0.84,0,0,1,0.0,,0.796,2.0
15019-1-5,1,0,3,0.84,0,0,1,0.0,1.0,0.796,2.0
15019-1-5,3,0,3,0.84,0,0,1,,,0.796,2.0
18007-1-א,2,0,3,0.46,0,0,1,0.0,,0.695,2.09
18007-1-א,1,0,3,0.46,0,0,1,0.0,1.0,0.695,2.09
18007-1-א,3,0,3,0.46,0,0,1,0.0,1.0,0.695,2.09
13016-2-ב,2,0,3,0.46,0,0,1,,,6.276,2.0
13016-2-ב,1,0,3,0.46,0,0,1,0.0,2.0,6.276,2.0
13016-2-ב,3,0,3,0.46,0,0,1,0.0,7.0,6.276,2.0
12716-1-#,2,0,3,0.38,0,0,1,0.0,5.0,1.412,2.0
12716-1-#,1,0,3,0.38,0,0,1,0.0,1.0,1.412,2.0
12716-1-#,3,0,3,0.38,0,0,1,,,1.412,2.0
21003-1-#,2,0,3,0.38,0,0,1,,,0.2,2.0
21003-1-#,1,0,3,0.38,0,0,1,0.0,12.0,0.2,2.0
21003-1-#,3,0,3,0.38,0,0,1,,,0.2,2.0
34001-1-ו,2,0,3,0.25,0,0,1,,,0.083,2.0
34001-1-ו,1,0,3,0.25,0,0,1,0.0,2.0,0.083,2.0
34001-1-ו,3,0,3,0.25,0,0,1,,,0.083,2.0
10904-2-#,2,0,3,0.24,0,0,1,,,0.583,2.0
10904-2-#,1,0,3,0.24,0,0,1,0.0,,0.583,2.0
10904-2-#,3,0,3,0.24,0,0,1,0.0,,0.583,2.0
16096-2-ד,2,0,3,0.54,0,0,1,,,0.274,2.0
16096-2-ד,1,0,3,0.54,0,0,1,0.0,,0.274,2.0
16096-2-ד,3,0,3,0.54,0,0,1,,,0.274,2.0
14860-2-#,2,0,3,0.44,0,0,1,,,0.044,2.0
14860-2-#,1,0,3,0.44,0,0,1,,,0.044,2.0
14860-2-#,3,0,3,0.44,0,0,1,0.0,,0.044,2.0
11785-2-#,2,0,3,0.7,0,0,1,,,0.246,2.0
11785-2-#,1,0,3,0.7,0,0,1,0.0,,0.246,2.0
11785-2-#,3,0,3,0.7,0,0,1,0.0,,0.246,2.0
12053-1-א,2,0,3,0.51,0,0,1,,,0.666,2.0
12053-1-א,1,0,3,0.51,0,0,1,,,0.666,2.0
12053-1-א,3,0,3,0.51,0,0,1,0.0,,0.666,2.0
10781-1-#,2,0,3,0.66,0,0,1,0.0,,0.647,2.0
10781-1-#,1,0,3,0.66,0,0,1,,,0.647,2.0
10781-1-#,3,0,3,0.66,0,0,1,,,0.647,2.0
11787-2-#,2,0,3,0.82,0,0,1,,,0.168,2.0
11787-2-#,1,0,3,0.82,0,0,1,0.0,,0.168,2.0
11787-2-#,3,0,3,0.82,0,0,1,0.0,,0.168,2.0
10812-2-#,2,0,3,0.45,0,0,1,,,0.128,2.0
10812-2-#,1,0,3,0.45,0,0,1,0.0,,0.128,2.0
10812-2-#,3,0,3,0.45,0,0,1,,,0.128,2.0
10792-2-#,2,0,3,0.29,0,0,1,,,0.147,2.0
10792-2-#,1,0,3,0.29,0,0,1,0.0,,0.147,2.0
10792-2-#,3,0,3,0.29,0,0,1,,,0.147,2.0
10791-1-#,2,0,3,0.54,0,0,1,0.0,,0.261,2.0
10791-1-#,1,0,3,0.54,0,0,1,,,0.261,2.0
10791-1-#,3,0,3,0.54,0,0,1,,,0.261,2.0
12065-2-א,2,0,3,0.93,0,0,1,0.0,1.0,13.942,2.0
12065-2-א,1,0,3,0.93,0,0,1,0.0,8.0,13.942,2.0
12065-2-א,3,0,3,0.93,0,0,1,0.0,4.0,13.942,2.0
13016-2-#,2,0,3,0.53,0,0,1,0.0,2.0,8.428,2.0
13016-2-#,1,0,3,0.53,0,0,1,0.0,6.0,8.428,2.0
13016-2-#,3,0,3,0.53,0,0,1,0.0,2.0,8.428,2.0
10742-1-#,2,0,3,0.54,0,0,1,20.0,,0.135,2.0
10742-1-#,1,0,3,0.54,0,0,1,,,0.135,2.0
10742-1-#,3,0,3,0.54,0,0,1,,,0.135,2.0
10754-2-9,2,0,3,0.44,0,0,1,,,0.065,2.0
10754-2-9,1,0,3,0.44,0,0,1,0.0,,0.065,2.0
10754-2-9,3,0,3,0.44,0,0,1,,,0.065,2.0
10815-1-#,2,0,3,0.77,0,0,1,0.0,,0.271,2.0
10815-1-#,1,0,3,0.77,0,0,1,,,0.271,2.0
10815-1-#,3,0,3,0.77,0,0,1,,,0.271,2.0
12039-2-#,2,0,3,0.53,0,0,1,0.0,2.0,32.233,2.0
12039-2-#,1,0,3,0.53,0,0,1,0.0,5.0,32.233,2.0
12039-2-#,3,0,3,0.53,0,0,1,0.0,,32.233,2.0
12065-1-א,2,0,3,0.93,0,0,1,0.0,,19.438,2.0
12065-1-א,1,0,3,0.93,0,0,1,0.0,12.0,19.438,2.0
12065-1-א,3,0,3,0.93,0,0,1,0.0,3.0,19.438,2.0
13054-1-#,2,0,3,0.48,0,0,1,0.0,,12.161,2.0
13054-1-#,1,0,3,0.48,0,0,1,0.0,16.0,12.161,2.0
13054-1-#,3,0,3,0.48,0,0,1,0.0,17.0,12.161,2.0
15019-1-א,2,0,3,0.8,0,0,1,0.0,,16.311,2.0
15019-1-א,1,0,3,0.8,0,0,1,0.0,9.0,16.311,2.0
15019-1-א,3,0,3,0.8,0,0,1,0.0,5.0,16.311,2.0
16057-1-ז,2,0,3,0.25,0,0,1,0.0,18.0,15.658,2.0
16057-1-ז,1,0,3,0.25,0,0,1,0.0,18.0,15.658,2.0
16057-1-ז,3,0,3,0.25,0,0,1,0.0,7.0,15.658,2.0
17021-3-#,2,0,3,0.88,0,0,1,0.0,,20.315,2.0
17021-3-#,1,0,3,0.88,0,0,1,0.0,2.0,20.315,2.0
17021-3-#,3,0,3,0.88,0,0,1,0.0,,20.315,2.0
27029-3-#,2,0,3,0.58,0,0,1,0.94,,16.618,2.0
27029-3-#,1,0,3,0.58,0,0,1,0.0,,16.618,2.0
27029-3-#,3,0,3,0.58,0,0,1,0.0,,16.618,2.0
34088-3-#,2,0,3,0.52,0,0,1,0.0,,1.582,2.0
34088-3-#,1,0,3,0.52,0,0,1,0.0,2.0,1.582,2.0
34088-3-#,3,0,3,0.52,0,0,1,0.0,,1.582,2.0
48063-3-#,2,0,3,0.56,0,0,1,0.0,,5.15,2.0
48063-3-#,1,0,3,0.56,0,0,1,0.0,1.0,5.15,2.0
48063-3-#,3,0,3,0.56,0,0,1,0.0,1.0,5.15,2.0
10107-2-#,2,0,3,0.38,0,0,1,,,0.077,2.0
10107-2-#,1,0,3,0.38,0,0,1,0.0,,0.077,2.0
10107-2-#,3,0,3,0.38,0,0,1,,,0.077,2.0
11103-2-#,2,0,3,0.65,0,0,1,,,0.03,2.0
11103-2-#,1,0,3,0.65,0,0,1,0.0,,0.03,2.0
11103-2-#,3,0,3,0.65,0,0,1,,,0.03,2.0
12053-1-ב,2,0,3,0.49,0,0,1,,,0.338,2.0
12053-1-ב,1,0,3,0.49,0,0,1,0.0,,0.338,2.0
12053-1-ב,3,0,3,0.49,0,0,1,0.0,,0.338,2.0
13033-1-ה,2,0,3,0.54,0,0,1,0.0,1.0,2.882,2.0
13033-1-ה,1,0,3,0.54,0,0,1,0.0,2.0,2.882,2.0
13033-1-ה,3,0,3,0.54,0,0,1,,,2.882,2.0
70004-2-#,2,0,3,0.57,0,0,1,0.0,,0.158,2.0
70004-2-#,1,0,3,0.57,0,0,1,,,0.158,2.0
70004-2-#,3,0,3,0.57,0,0,1,,,0.158,2.0
14009-1-#,2,0,3,0.12,0,0,1,0.0,2.0,0.083,2.0
14009-1-#,1,0,3,0.12,0,0,1,0.0,3.0,0.083,2.0
14009-1-#,3,0,3,0.12,0,0,1,,,0.083,2.0
13016-1-ר,2,0,3,0.56,0,0,1,3.57,1.0,8.627,2.0
13016-1-ר,1,0,3,0.56,0,0,1,0.0,6.0,8.627,2.0
13016-1-ר,3,0,3,0.56,0,0,1,0.0,4.0,8.627,2.0
34001-1-#,2,0,3,0.74,0,0,1,,,0.101,2.0
34001-1-#,1,0,3,0.74,0,0,1,0.0,14.0,0.101,2.0
34001-1-#,3,0,3,0.74,0,0,1,,,0.101,2.0
12745-1-ב,2,0,3,0.69,0,0,1,0.0,,0.153,2.0
12745-1-ב,1,0,3,0.69,0,0,1,,,0.153,2.0
12745-1-ב,3,0,3,0.69,0,0,1,,,0.153,2.0
13027-3-9,2,0,3,0.56,0,1,0,,,0.53,2.37
13027-3-9,1,0,3,0.56,0,1,0,0.0,,0.53,2.37
13027-3-9,3,0,3,0.56,0,1,0,,,0.53,2.37
10784-1-#,2,0,3,0.62,0,0,1,0.0,,0.218,2.0
10784-1-#,1,0,3,0.62,0,0,1,,,0.218,2.0
10784-1-#,3,0,3,0.62,0,0,1,,,0.218,2.0
16028-2-ז,2,0,3,0.84,0,0,1,0.0,,0.365,2.0
16028-2-ז,1,0,3,0.84,0,0,1,0.0,,0.365,2.0
16028-2-ז,3,0,3,0.84,0,0,1,,,0.365,2.0
27029-1-#,2,0,3,0.58,0,0,1,,,0.667,2.0
27029-1-#,1,0,3,0.58,0,0,1,0.0,1.0,0.667,2.0
27029-1-#,3,0,3,0.58,0,0,1,,,0.667,2.0
13042-2-ז,2,0,3,0.74,0,0,1,,,0.028,2.0
13042-2-ז,1,0,3,0.74,0,0,1,0.0,1.0,0.028,2.0
13042-2-ז,3,0,3,0.74,0,0,1,,,0.028,2.0
16028-1-ך,2,0,3,0.71,0,0,1,,,0.164,2.0
16028-1-ך,1,0,3,0.71,0,0,1,0.0,,0.164,2.0
16028-1-ך,3,0,3,0.71,0,0,1,0.0,,0.164,2.0
13033-2-ח,2,0,3,0.49,0,0,1,,,0.089,2.0
13033-2-ח,1,0,3,0.49,0,0,1,0.0,,0.089,2.0
13033-2-ח,3,0,3,0.49,0,0,1,,,0.089,2.0
13064-1-#,2,0,3,0.63,0,0,1,0.0,3.0,19.713,2.0
13064-1-#,1,0,3,0.63,0,0,1,0.0,23.0,19.713,2.0
13064-1-#,3,0,3,0.63,0,0,1,0.0,21.0,19.713,2.0
10800-1-#,2,0,3,0.59,0,0,1,0.0,,0.366,2.0
10800-1-#,1,0,3,0.59,0,0,1,,,0.366,2.0
10800-1-#,3,0,3,0.59,0,0,1,,,0.366,2.0
11801-1-א,2,0,3,0.85,0,0,1,0.0,,0.204,2.0
11801-1-א,1,0,3,0.85,0,0,1,,,0.204,2.0
11801-1-א,3,0,3,0.85,0,0,1,,,0.204,2.0
13064-1-א,2,0,3,0.59,0,0,1,,,7.252,2.0
13064-1-א,1,0,3,0.59,0,0,1,0.93,10.0,7.252,2.0
13064-1-א,3,0,3,0.59,0,0,1,0.0,,7.252,2.0
14051-1-#,2,0,3,0.5,0,0,1,,,0.402,2.0
14051-1-#,1,0,3,0.5,0,0,1,0.0,1.0,0.402,2.0
14051-1-#,3,0,3,0.5,0,0,1,0.0,,0.402,2.0
34001-3-#,2,0,3,0.79,0,0,1,0.0,1.0,31.573,2.0
34001-3-#,1,0,3,0.79,0,0,1,0.0,8.0,31.573,2.0
34001-3-#,3,0,3,0.79,0,0,1,0.0,2.0,31.573,2.0
12022-1-#,2,0,3,0.65,0,0,1,5.66,3.0,15.283,2.0
12022-1-#,1,0,3,0.65,0,0,1,0.0,6.0,15.283,2.0
12022-1-#,3,0,3,0.65,0,0,1,0.0,3.0,15.283,2.0
12022-2-#,2,0,3,0.65,0,0,1,0.0,2.0,14.384,2.0
12022-2-#,1,0,3,0.65,0,0,1,0.0,3.0,14.384,2.0
12022-2-#,3,0,3,0.65,0,0,1,0.0,,14.384,2.0
13064-2-#,2,0,3,0.61,0,0,1,2.08,4.0,22.594,2.0
13064-2-#,1,0,3,0.61,0,0,1,0.0,4.0,22.594,2.0
13064-2-#,3,0,3,0.61,0,0,1,0.0,1.0,22.594,2.0
14024-3-#,2,0,3,0.61,0,0,1,1.06,,16.189,2.0
14024-3-#,1,0,3,0.61,0,0,1,0.0,,16.189,2.0
14024-3-#,3,0,3,0.61,0,0,1,0.0,,16.189,2.0
18007-1-#,2,0,3,0.44,0,0,1,0.0,1.0,11.661,2.08
18007-1-#,1,0,3,0.44,0,0,1,0.0,6.0,11.661,2.08
18007-1-#,3,0,3,0.44,0,0,1,0.0,4.0,11.661,2.08
18013-2-#,2,0,3,0.74,0,0,1,0.0,1.0,7.612,2.0
18013-2-#,1,0,3,0.74,0,0,1,0.0,4.0,7.612,2.0
18013-2-#,3,0,3,0.74,0,0,1,0.0,2.0,7.612,2.0
11801-1-ה,2,0,3,0.68,0,0,1,20.0,,0.23,2.0
11801-1-ה,1,0,3,0.68,0,0,1,,,0.23,2.0
11801-1-ה,3,0,3,0.68,0,0,1,,,0.23,2.0
15019-1-#,2,0,3,0.85,0,0,1,0.0,3.0,8.593,2.0
15019-1-#,1,0,3,0.85,0,0,1,0.0,8.0,8.593,2.0
15019-1-#,3,0,3,0.85,0,0,1,0.0,11.0,8.593,2.0
34001-1-ב,2,0,3,0.17,0,0,1,,,0.135,2.0
34001-1-ב,1,0,3,0.17,0,0,1,0.0,3.0,0.135,2.0
34001-1-ב,3,0,3,0.17,0,0,1,,,0.135,2.0
34001-1-ד,2,0,3,0.49,0,0,1,,,0.069,2.0
34001-1-ד,1,0,3,0.49,0,0,1,0.0,,0.069,2.0
34001-1-ד,3,0,3,0.49,0,0,1,,,0.069,2.0
34001-1-ח,2,0,3,0.15,0,0,1,,,0.026,2.0
34001-1-ח,1,0,3,0.15,0,0,1,0.0,4.0,0.026,2.0
34001-1-ח,3,0,3,0.15,0,0,1,,,0.026,2.0
11794-1-#,2,0,3,0.61,0,0,1,0.0,,0.122,2.0
11794-1-#,1,0,3,0.61,0,0,1,,,0.122,2.0
11794-1-#,3,0,3,0.61,0,0,1,,,0.122,2.0
21003-3-ז,2,0,3,0.4,0,0,1,0.0,,5.565,2.0
21003-3-ז,1,0,3,0.4,0,0,1,0.0,7.0,5.565,2.0
21003-3-ז,3,0,3,0.4,0,0,1,0.0,2.0,5.565,2.0
10813-1-צ,2,0,3,0.69,0,0,1,0.0,,0.413,2.0
10813-1-צ,1,0,3,0.69,0,0,1,,,0.413,2.0
10813-1-צ,3,0,3,0.69,0,0,1,,,0.413,2.0
12039-1-א,2,0,3,0.5,0,0,1,0.0,2.0,10.813,2.0
12039-1-א,1,0,3,0.5,0,0,1,0.0,4.0,10.813,2.0
12039-1-א,3,0,3,0.5,0,0,1,0.0,1.0,10.813,2.0
16056-3-#,2,0,3,0.44,0,0,1,0.0,6.0,46.067,2.0
16056-3-#,1,0,3,0.44,0,0,1,0.0,12.0,46.067,2.0
16056-3-#,3,0,3,0.44,0,0,1,0.0,4.0,46.067,2.0
18017-2-#,2,0,3,0.64,0,0,1,0.0,,3.93,2.0
18017-2-#,1,0,3,0.64,0,0,1,0.0,1.0,3.93,2.0
18017-2-#,3,0,3,0.64,0,0,1,0.0,1.0,3.93,2.0
59015-2-#,2,0,3,0.68,0,0,1,1.41,12.0,24.457,2.0
59015-2-#,1,0,3,0.68,0,0,1,0.0,4.0,24.457,2.0
59015-2-#,3,0,3,0.68,0,0,1,0.0,1.0,24.457,2.0
10812-1-ה,2,0,3,0.6,0,0,1,0.0,,0.31,2.0
10812-1-ה,1,0,3,0.6,0,0,1,,,0.31,2.0
10812-1-ה,3,0,3,0.6,0,0,1,,,0.31,2.0
12067-1-#,2,0,3,0.56,0,0,1,0.0,6.0,25.716,2.0
12067-1-#,1,0,3,0.56,0,0,1,0.0,33.0,25.716,2.0
12067-1-#,3,0,3,0.56,0,0,1,0.0,12.0,25.716,2.0
10815-2-#,2,0,3,0.71,0,0,1,,,0.093,2.0
10815-2-#,1,0,3,0.71,0,0,1,0.0,,0.093,2.0
10815-2-#,3,0,3,0.71,0,0,1,,,0.093,2.0
18017-1-#,2,0,3,0.7,0,0,1,2.86,1.0,4.628,2.0
18017-1-#,1,0,3,0.7,0,0,1,0.0,6.0,4.628,2.0
18017-1-#,3,0,3,0.7,0,0,1,0.0,1.0,4.628,2.0
18018-1-#,2,0,3,0.38,0,0,1,0.0,,15.702,2.0
18018-1-#,1,0,3,0.38,0,0,1,0.0,2.0,15.702,2.0
18018-1-#,3,0,3,0.38,0,0,1,0.0,5.0,15.702,2.0
23034-2-#,2,0,3,0.67,0,0,1,1.67,,17.683,2.0
23034-2-#,1,0,3,0.67,0,0,1,0.0,1.0,17.683,2.0
23034-2-#,3,0,3,0.67,0,0,1,0.0,2.0,17.683,2.0
13042-2-#,2,0,3,0.63,0,0,1,0.0,,3.408,2.0
13042-2-#,1,0,3,0.63,0,0,1,0.0,4.0,3.408,2.0
13042-2-#,3,0,3,0.63,0,0,1,0.0,1.0,3.408,2.0
14024-2-#,2,0,3,0.55,0,0,1,,,0.788,2.0
14024-2-#,1,0,3,0.55,0,0,1,0.0,,0.788,2.0
14024-2-#,3,0,3,0.55,0,0,1,,,0.788,2.0
15019-2-ד,2,0,3,0.99,0,0,1,0.0,,0.129,2.0
15019-2-ד,1,0,3,0.99,0,0,1,,,0.129,2.0
15019-2-ד,3,0,3,0.99,0,0,1,,,0.129,2.0
15019-2-א,2,0,3,0.85,0,0,1,,,1.284,2.0
15019-2-א,1,0,3,0.85,0,0,1,0.0,,1.284,2.0
15019-2-א,3,0,3,0.85,0,0,1,0.0,,1.284,2.0
12065-1-ב,2,0,3,0.92,0,0,1,,,2.467,2.0
12065-1-ב,1,0,3,0.92,0,0,1,0.0,4.0,2.467,2.0
12065-1-ב,3,0,3,0.92,0,0,1,,,2.467,2.0
14023-1-#,2,0,3,0.54,0,0,1,,,0.031,2.0
14023-1-#,1,0,3,0.54,0,0,1,0.0,2.0,0.031,2.0
14023-1-#,3,0,3,0.54,0,0,1,,,0.031,2.0
12065-2-ב,2,0,3,0.9,0,0,1,,,2.086,2.0
12065-2-ב,1,0,3,0.9,0,0,1,0.0,4.0,2.086,2.0
12065-2-ב,3,0,3,0.9,0,0,1,,,2.086,2.0
12022-1-א,2,0,3,0.74,0,0,1,0.0,,0.202,2.0
12022-1-א,1,0,3,0.74,0,0,1,,,0.202,2.0
12022-1-א,3,0,3,0.74,0,0,1,,,0.202,2.0
14024-1-#,2,0,3,0.65,0,0,1,,,0.276,2.0
14024-1-#,1,0,3,0.65,0,0,1,0.0,,0.276,2.0
14024-1-#,3,0,3,0.65,0,0,1,,,0.276,2.0
10150-2-#,2,0,3,1.0,0,1,0,0.0,,0.415,5.75
10150-2-#,1,0,3,1.0,0,1,0,0.0,1.0,0.415,5.75
10150-2-#,3,0,3,1.0,0,1,0,0.0,,0.415,5.75
16028-1-א,2,0,3,0.75,0,0,1,0.0,,0.046,2.0
16028-1-א,1,0,3,0.75,0,0,1,0.0,,0.046,2.0
16028-1-א,3,0,3,0.75,0,0,1,,,0.046,2.0
13047-2-#,2,0,3,0.37,0,0,1,0.0,,0.232,2.0
13047-2-#,1,0,3,0.37,0,0,1,0.0,1.0,0.232,2.0
13047-2-#,3,0,3,0.37,0,0,1,0.0,,0.232,2.0
16056-1-#,2,0,3,0.49,0,0,1,,,0.245,2.0
16056-1-#,1,0,3,0.49,0,0,1,0.0,6.0,0.245,2.0
16056-1-#,3,0,3,0.49,0,0,1,,,0.245,2.0
14010-1-#,2,0,3,0.57,0,0,1,2.08,2.0,8.071,2.0
14010-1-#,1,0,3,0.57,0,0,1,0.0,2.0,8.071,2.0
14010-1-#,3,0,3,0.57,0,0,1,0.0,4.0,8.071,2.0
10803-1-ד,2,0,3,0.8,0,0,1,0.0,,0.265,2.0
10803-1-ד,1,0,3,0.8,0,0,1,,,0.265,2.0
10803-1-ד,3,0,3,0.8,0,0,1,,,0.265,2.0
13027-2-א,2,0,3,0.79,0,1,0,0.0,,1.565,2.0
13027-2-א,1,0,3,0.79,0,1,0,2.86,,1.565,2.0
13027-2-א,3,0,3,0.79,0,1,0,0.0,,1.565,2.0
13027-3-#,2,0,3,1.0,0,0,1,0.0,,12.932,2.0
13027-3-#,1,0,3,1.0,0,0,1,0.0,,12.932,2.0
13027-3-#,3,0,3,1.0,0,0,1,0.0,,12.932,2.0
13068-1-ז,2,0,3,0.95,0,0,1,,,0.018,2.0
13068-1-ז,1,0,3,0.95,0,0,1,0.0,,0.018,2.0
13068-1-ז,3,0,3,0.95,0,0,1,,,0.018,2.0
21003-1-ו,2,0,3,0.58,0,0,1,,,0.055,2.0
21003-1-ו,1,0,3,0.58,0,0,1,0.0,2.0,0.055,2.0
21003-1-ו,3,0,3,0.58,0,0,1,,,0.055,2.0
10752-1-9,2,0,3,0.72,0,0,1,0.0,,0.06,2.0
10752-1-9,1,0,3,0.72,0,0,1,,,0.06,2.0
10752-1-9,3,0,3,0.72,0,0,1,,,0.06,2.0
10762-2-9,2,0,3,0.61,0,0,1,,,0.01,2.0
10762-2-9,1,0,3,0.61,0,0,1,0.0,,0.01,2.0
10762-2-9,3,0,3,0.61,0,0,1,,,0.01,2.0
10813-2-#,2,0,3,0.52,0,0,1,,,0.185,2.0
10813-2-#,1,0,3,0.52,0,0,1,0.0,,0.185,2.0
10813-2-#,3,0,3,0.52,0,0,1,,,0.185,2.0
10780-1-#,2,0,3,0.7,0,0,1,0.0,,0.437,2.0
10780-1-#,1,0,3,0.7,0,0,1,,,0.437,2.0
10780-1-#,3,0,3,0.7,0,0,1,,,0.437,2.0
11782-1-#,2,0,3,0.69,0,0,1,0.0,,0.298,2.0
11782-1-#,1,0,3,0.69,0,0,1,,,0.298,2.0
11782-1-#,3,0,3,0.69,0,0,1,,,0.298,2.0
11901-2-#,2,0,3,0.63,0,0,1,,,0.72,2.0
11901-2-#,1,0,3,0.63,0,0,1,0.0,1.0,0.72,2.0
11901-2-#,3,0,3,0.63,0,0,1,0.0,,0.72,2.0
12890-1-#,2,0,3,0.81,0,0,1,0.0,1.0,0.149,2.0
12890-1-#,1,0,3,0.81,0,0,1,,,0.149,2.0
12890-1-#,3,0,3,0.81,0,0,1,,,0.149,2.0
11790-2-#,2,0,3,0.47,0,0,1,,,0.126,2.0
11790-2-#,1,0,3,0.47,0,0,1,0.0,,0.126,2.0
11790-2-#,3,0,3,0.47,0,0,1,,,0.126,2.0
10903-2-#,2,0,3,0.54,0,0,1,,,0.841,2.0
10903-2-#,1,0,3,0.54,0,0,1,0.0,,0.841,2.0
10903-2-#,3,0,3,0.54,0,0,1,0.0,,0.841,2.0
18007-2-א,2,0,3,0.47,0,0,1,,,0.515,2.0
18007-2-א,1,0,3,0.47,0,0,1,0.0,,0.515,2.0
18007-2-א,3,0,3,0.47,0,0,1,,,0.515,2.0
10802-1-ב,2,0,3,0.56,0,0,1,0.0,,0.319,2.0
10802-1-ב,1,0,3,0.56,0,0,1,,,0.319,2.0
10802-1-ב,3,0,3,0.56,0,0,1,,,0.319,2.0
10805-1-#,2,0,3,0.79,0,0,1,0.0,2.0,0.633,2.0
10805-1-#,1,0,3,0.79,0,0,1,,,0.633,2.0
10805-1-#,3,0,3,0.79,0,0,1,,,0.633,2.0
49005-2-#,2,0,3,0.51,0,0,1,2.86,4.0,12.031,2.07
49005-2-#,1,0,3,0.51,0,0,1,0.0,3.0,12.031,2.07
49005-2-#,3,0,3,0.51,0,0,1,0.0,5.0,12.031,2.07
13016-1-ש,2,0,3,0.49,0,0,1,,,3.23,2.0
13016-1-ש,1,0,3,0.49,0,0,1,0.0,1.0,3.23,2.0
13016-1-ש,3,0,3,0.49,0,0,1,0.0,2.0,3.23,2.0
21003-1-ץ,2,0,3,0.1,0,0,1,,,0.283,2.0
21003-1-ץ,1,0,3,0.1,0,0,1,0.0,,0.283,2.0
21003-1-ץ,3,0,3,0.1,0,0,1,,,0.283,2.0
12069-1-#,2,0,3,0.79,0,0,1,0.0,6.0,10.077,2.0
12069-1-#,1,0,3,0.79,0,0,1,0.0,46.0,10.077,2.0
12069-1-#,3,0,3,0.79,0,0,1,0.0,16.0,10.077,2.0
10754-1-9,2,0,3,0.44,0,0,1,0.0,,0.097,2.0
10754-1-9,1,0,3,0.44,0,0,1,,,0.097,2.0
10754-1-9,3,0,3,0.44,0,0,1,,,0.097,2.0
10760-1-8,2,0,3,0.75,0,0,1,0.0,1.0,0.166,2.0
10760-1-8,1,0,3,0.75,0,0,1,,,0.166,2.0
10760-1-8,3,0,3,0.75,0,0,1,,,0.166,2.0
10816-2-#,2,0,3,0.67,0,0,1,,,0.077,2.0
10816-2-#,1,0,3,0.67,0,0,1,0.0,,0.077,2.0
10816-2-#,3,0,3,0.67,0,0,1,,,0.077,2.0
12811-1-י,2,0,3,0.74,0,0,1,0.0,,0.262,2.0
12811-1-י,1,0,3,0.74,0,0,1,,,0.262,2.0
12811-1-י,3,0,3,0.74,0,0,1,,,0.262,2.0
10741-1-#,2,0,3,0.59,0,0,1,0.0,,0.125,2.0
10741-1-#,1,0,3,0.59,0,0,1,,,0.125,2.0
10741-1-#,3,0,3,0.59,0,0,1,,,0.125,2.0
12053-2-א,2,0,3,0.5,0,0,1,11.11,,0.403,2.0
12053-2-א,1,0,3,0.5,0,0,1,,,0.403,2.0
12053-2-א,3,0,3,0.5,0,0,1,,,0.403,2.0
10813-1-כ,2,0,3,0.57,0,0,1,0.0,,0.268,2.0
10813-1-כ,1,0,3,0.57,0,0,1,,,0.268,2.0
10813-1-כ,3,0,3,0.57,0,0,1,,,0.268,2.0
12069-2-#,2,0,3,0.81,0,0,1,2.56,10.0,8.102,2.0
12069-2-#,1,0,3,0.81,0,0,1,0.0,8.0,8.102,2.0
12069-2-#,3,0,3,0.81,0,0,1,0.0,5.0,8.102,2.0
10905-2-#,2,0,3,0.28,0,0,1,,,0.058,2.0
10905-2-#,1,0,3,0.28,0,0,1,0.0,,0.058,2.0
10905-2-#,3,0,3,0.28,0,0,1,,,0.058,2.0
11845-1-9,2,0,3,0.75,0,0,1,0.0,,0.352,2.0
11845-1-9,1,0,3,0.75,0,0,1,,,0.352,2.0
11845-1-9,3,0,3,0.75,0,0,1,,,0.352,2.0
12811-1-ע,2,0,3,0.66,0,0,1,0.0,,0.601,2.0
12811-1-ע,1,0,3,0.66,0,0,1,,,0.601,2.0
12811-1-ע,3,0,3,0.66,0,0,1,,,0.601,2.0
10781-2-#,2,0,3,0.65,0,0,1,,,0.256,2.0
10781-2-#,1,0,3,0.65,0,0,1,0.0,,0.256,2.0
10781-2-#,3,0,3,0.65,0,0,1,0.0,,0.256,2.0
12821-1-#,2,0,3,0.51,0,0,1,0.0,1.0,0.115,2.0
12821-1-#,1,0,3,0.51,0,0,1,,,0.115,2.0
12821-1-#,3,0,3,0.51,0,0,1,,,0.115,2.0
12053-1-#,2,0,3,0.52,0,0,1,0.0,,3.539,2.0
12053-1-#,1,0,3,0.52,0,0,1,0.0,2.0,3.539,2.0
12053-1-#,3,0,3,0.52,0,0,1,0.0,3.0,3.539,2.0
11842-1-9,2,0,3,0.64,0,0,1,0.0,,0.51,2.0
11842-1-9,1,0,3,0.64,0,0,1,,,0.51,2.0
11842-1-9,3,0,3,0.64,0,0,1,,,0.51,2.0
11131-1-2,2,0,3,0.59,1,0,0,0.0,4.0,1.629,2.52
11131-1-2,1,0,3,0.59,1,0,0,1.49,27.0,1.629,2.52
11131-1-2,3,0,3,0.59,1,0,0,0.0,22.0,1.629,2.52
12137-1-#,2,0,3,0.95,1,0,0,0.0,3.0,2.332,2.59
12137-1-#,1,0,3,0.95,1,0,0,2.47,21.0,2.332,2.59
12137-1-#,3,0,3,0.95,1,0,0,18.75,27.0,2.332,2.59
11152-2-#,2,0,3,0.82,0,1,0,0.0,6.0,0.229,7.69
11152-2-#,1,0,3,0.82,0,1,0,25.0,1.0,0.229,7.69
11152-2-#,3,0,3,0.82,0,1,0,,,0.229,7.69
30030-2-#,2,0,3,0.59,0,0,1,3.33,,1.116,2.03
30030-2-#,1,0,3,0.59,0,0,1,0.0,,1.116,2.03
30030-2-#,3,0,3,0.59,0,0,1,,,1.116,2.03
19012-2-#,2,0,3,0.48,0,0,1,0.0,,12.696,2.0
19012-2-#,1,0,3,0.48,0,0,1,0.0,3.0,12.696,2.0
19012-2-#,3,0,3,0.48,0,0,1,0.0,,12.696,2.0
31044-2-#,2,0,3,0.24,0,0,1,0.0,1.0,4.41,2.0
31044-2-#,1,0,3,0.24,0,0,1,0.0,2.0,4.41,2.0
31044-2-#,3,0,3,0.24,0,0,1,0.0,1.0,4.41,2.0
59015-1-#,2,0,3,0.68,0,0,1,0.0,17.0,22.701,2.0
59015-1-#,1,0,3,0.68,0,0,1,0.23,20.0,22.701,2.0
59015-1-#,3,0,3,0.68,0,0,1,0.0,15.0,22.701,2.0
18018-2-#,2,0,3,0.46,0,0,1,0.0,1.0,12.884,2.0
18018-2-#,1,0,3,0.46,0,0,1,0.0,1.0,12.884,2.0
18018-2-#,3,0,3,0.46,0,0,1,0.0,4.0,12.884,2.0
22066-1-א,2,0,3,0.5,0,0,1,0.0,1.0,7.556,2.0
22066-1-א,1,0,3,0.5,0,0,1,0.0,1.0,7.556,2.0
22066-1-א,3,0,3,0.5,0,0,1,0.0,1.0,7.556,2.0
10106-2-#,2,0,3,0.33,0,0,1,,,0.026,2.0
10106-2-#,1,0,3,0.33,0,0,1,0.0,,0.026,2.0
10106-2-#,3,0,3,0.33,0,0,1,,,0.026,2.0
11103-1-#,2,0,3,0.6,0,0,1,,,0.307,2.0
11103-1-#,1,0,3,0.6,0,0,1,0.0,1.0,0.307,2.0
11103-1-#,3,0,3,0.6,0,0,1,,,0.307,2.0
17108-1-#,2,0,3,0.51,0,0,1,,,0.162,2.0
17108-1-#,1,0,3,0.51,0,0,1,0.0,1.0,0.162,2.0
17108-1-#,3,0,3,0.51,0,0,1,,,0.162,2.0
17108-2-#,2,0,3,0.57,0,0,1,,,0.017,2.0
17108-2-#,1,0,3,0.57,0,0,1,0.0,1.0,0.017,2.0
17108-2-#,3,0,3,0.57,0,0,1,,,0.017,2.0
14023-2-#,2,0,3,0.37,0,0,1,,,0.018,2.0
14023-2-#,1,0,3,0.37,0,0,1,0.0,1.0,0.018,2.0
14023-2-#,3,0,3,0.37,0,0,1,,,0.018,2.0
15048-3-א,2,0,3,0.91,0,0,1,0.0,,0.585,2.0
15048-3-א,1,0,3,0.91,0,0,1,0.0,2.0,0.585,2.0
15048-3-א,3,0,3,0.91,0,0,1,0.0,1.0,0.585,2.0
13047-1-#,2,0,3,0.42,0,0,1,0.0,,0.401,2.0
13047-1-#,1,0,3,0.42,0,0,1,0.0,,0.401,2.0
13047-1-#,3,0,3,0.42,0,0,1,0.0,,0.401,2.0
13033-1-#,2,0,3,0.53,0,0,1,0.0,4.0,15.494,2.0
13033-1-#,1,0,3,0.53,0,0,1,0.0,11.0,15.494,2.0
13033-1-#,3,0,3,0.53,0,0,1,0.0,6.0,15.494,2.0
22066-2-ז,2,0,3,0.55,0,0,1,0.0,,4.369,2.0
22066-2-ז,1,0,3,0.55,0,0,1,0.0,,4.369,2.0
22066-2-ז,3,0,3,0.55,0,0,1,0.0,,4.369,2.0
10806-2-#,2,0,3,0.67,0,0,1,,,0.149,2.0
10806-2-#,1,0,3,0.67,0,0,1,0.0,,0.149,2.0
10806-2-#,3,0,3,0.67,0,0,1,0.0,,0.149,2.0
11801-1-ז,2,0,3,0.85,0,0,1,0.0,,0.266,2.0
11801-1-ז,1,0,3,0.85,0,0,1,,,0.266,2.0
11801-1-ז,3,0,3,0.85,0,0,1,,,0.266,2.0
15125-1-#,2,0,3,0.67,1,0,0,,,0.102,3.4
15125-1-#,1,0,3,0.67,1,0,0,,,0.102,3.4
15125-1-#,3,0,3,0.67,1,0,0,25.0,1.0,0.102,3.4
11151-2-#,2,0,3,0.97,0,1,0,0.0,,0.107,8.0
11151-2-#,1,0,3,0.97,0,1,0,,,0.107,8.0
11151-2-#,3,0,3,0.97,0,1,0,,,0.107,8.0
12159-2-#,2,0,3,0.55,0,1,0,0.0,,0.119,7.6
12159-2-#,1,0,3,0.55,0,1,0,0.0,,0.119,7.6
12159-2-#,3,0,3,0.55,0,1,0,,,0.119,7.6
14059-3-#,2,0,3,0.65,0,1,0,0.0,,0.277,7.87
14059-3-#,1,0,3,0.65,0,1,0,3.45,8.0,0.277,7.87
14059-3-#,3,0,3,0.65,0,1,0,12.5,7.0,0.277,7.87
10134-1-#,2,0,3,0.91,1,0,0,4.0,21.0,5.88,2.52
10134-1-#,1,0,3,0.91,1,0,0,3.73,87.0,5.88,2.52
10134-1-#,3,0,3,0.91,1,0,0,12.5,78.0,5.88,2.52
12154-2-#,2,0,3,0.63,0,1,0,4.76,6.0,3.288,7.88
12154-2-#,1,0,3,0.63,0,1,0,7.84,3.0,3.288,7.88
12154-2-#,3,0,3,0.63,0,1,0,6.06,5.0,3.288,7.88
10104-1-#,2,0,3,0.35,0,1,0,,,0.183,2.11
10104-1-#,1,0,3,0.35,0,1,0,0.0,,0.183,2.11
10104-1-#,3,0,3,0.35,0,1,0,,,0.183,2.11
17165-1-#,2,0,3,0.66,1,0,0,,,1.946,2.91
17165-1-#,1,0,3,0.66,1,0,0,0.0,,1.946,2.91
17165-1-#,3,0,3,0.66,1,0,0,17.86,6.0,1.946,2.91
11807-1-#,2,0,3,0.53,0,0,1,0.0,,0.195,2.0
11807-1-#,1,0,3,0.53,0,0,1,,,0.195,2.0
11807-1-#,3,0,3,0.53,0,0,1,,,0.195,2.0
13027-2-#,2,0,3,0.97,0,0,1,0.98,,3.542,2.0
13027-2-#,1,0,3,0.97,0,0,1,0.0,,3.542,2.0
13027-2-#,3,0,3,0.97,0,0,1,0.0,,3.542,2.0
46006-3-#,2,0,3,0.71,0,0,1,0.0,3.0,14.314,2.0
46006-3-#,1,0,3,0.71,0,0,1,0.0,8.0,14.314,2.0
46006-3-#,3,0,3,0.71,0,0,1,0.0,1.0,14.314,2.0
28070-1-#,2,0,3,0.86,0,0,1,0.0,5.0,0.151,2.0
28070-1-#,1,0,3,0.86,0,0,1,0.0,1.0,0.151,2.0
28070-1-#,3,0,3,0.86,0,0,1,,,0.151,2.0
28070-2-#,2,0,3,0.85,0,0,1,,,0.034,2.0
28070-2-#,1,0,3,0.85,0,0,1,,,0.034,2.0
28070-2-#,3,0,3,0.85,0,0,1,0.0,,0.034,2.0
10752-2-9,2,0,3,0.77,0,0,1,,,0.097,2.0
10752-2-9,1,0,3,0.77,0,0,1,0.0,,0.097,2.0
10752-2-9,3,0,3,0.77,0,0,1,,,0.097,2.0
15026-3-א,2,0,3,0.8,0,0,1,,,2.728,2.0
15026-3-א,1,0,3,0.8,0,0,1,0.0,2.0,2.728,2.0
15026-3-א,3,0,3,0.8,0,0,1,0.0,,2.728,2.0
10902-2-#,2,0,3,0.52,0,0,1,,,0.121,2.0
10902-2-#,1,0,3,0.52,0,0,1,0.0,,0.121,2.0
10902-2-#,3,0,3,0.52,0,0,1,,,0.121,2.0
10728-2-#,2,0,3,0.59,0,0,1,,,0.034,2.0
10728-2-#,1,0,3,0.59,0,0,1,0.0,,0.034,2.0
10728-2-#,3,0,3,0.59,0,0,1,,,0.034,2.0
21003-3-#,2,0,3,0.39,0,0,1,4.44,1.0,38.185,2.0
21003-3-#,1,0,3,0.39,0,0,1,0.0,15.0,38.185,2.0
21003-3-#,3,0,3,0.39,0,0,1,0.0,3.0,38.185,2.0
14860-1-#,2,0,3,0.47,0,0,1,0.0,1.0,0.198,2.0
14860-1-#,1,0,3,0.47,0,0,1,,,0.198,2.0
14860-1-#,3,0,3,0.47,0,0,1,,,0.198,2.0
49005-1-ד,2,0,3,0.51,0,0,1,0.0,2.0,0.389,2.0
49005-1-ד,1,0,3,0.51,0,0,1,,,0.389,2.0
49005-1-ד,3,0,3,0.51,0,0,1,,,0.389,2.0
12050-3-#,2,0,3,0.51,0,0,1,0.0,2.0,2.344,2.0
12050-3-#,1,0,3,0.51,0,0,1,0.0,4.0,2.344,2.0
12050-3-#,3,0,3,0.51,0,0,1,0.0,3.0,2.344,2.0
13033-2-ב,2,0,3,0.51,0,0,1,0.0,2.0,9.491,2.0
13033-2-ב,1,0,3,0.51,0,0,1,0.0,2.0,9.491,2.0
13033-2-ב,3,0,3,0.51,0,0,1,0.0,,9.491,2.0
14126-2-#,2,0,3,0.7,1,0,0,0.0,,0.051,6.0
14126-2-#,1,0,3,0.7,1,0,0,,,0.051,6.0
14126-2-#,3,0,3,0.7,1,0,0,,,0.051,6.0
10177-1-#,2,0,3,0.51,1,0,0,0.0,1.0,2.326,4.66
10177-1-#,1,0,3,0.51,1,0,0,1.47,11.0,2.326,4.66
10177-1-#,3,0,3,0.51,1,0,0,12.5,5.0,2.326,4.66
12345-1-#,2,0,1,0.61,1,0,0,0.0,7.0,1.956,2.0
12345-1-#,1,0,1,0.61,1,0,0,3.28,67.0,1.956,2.0
12345-1-#,3,0,1,0.61,1,0,0,25.0,33.0,1.956,2.0
11135-2-#,2,0,2,0.84,1,0,0,0.0,10.0,0.835,5.12
11135-2-#,1,0,2,0.84,1,0,0,6.25,,0.835,5.12
11135-2-#,3,0,2,0.84,1,0,0,0.0,,0.835,5.12
11135-1-#,2,0,2,0.81,1,0,0,,,0.672,2.69
11135-1-#,1,0,2,0.81,1,0,0,7.14,7.0,0.672,2.69
11135-1-#,3,0,2,0.81,1,0,0,18.75,9.0,0.672,2.69
11151-1-#,2,0,3,0.95,0,1,0,,,0.051,2.44
11151-1-#,1,0,3,0.95,0,1,0,,,0.051,2.44
11151-1-#,3,0,3,0.95,0,1,0,0.0,2.0,0.051,2.44
11153-1-#,2,0,3,0.61,0,1,0,,,0.181,8.0
11153-1-#,1,0,3,0.61,0,1,0,0.0,6.0,0.181,8.0
11153-1-#,3,0,3,0.61,0,1,0,0.0,10.0,0.181,8.0
11158-1-#,2,0,3,0.62,0,1,0,5.0,2.0,1.136,3.47
11158-1-#,1,0,3,0.62,0,1,0,1.75,3.0,1.136,3.47
11158-1-#,3,0,3,0.62,0,1,0,6.25,4.0,1.136,3.47
11158-2-#,2,0,3,0.77,0,1,0,0.0,3.0,1.395,8.0
11158-2-#,1,0,3,0.77,0,1,0,4.0,4.0,1.395,8.0
11158-2-#,3,0,3,0.77,0,1,0,12.5,1.0,1.395,8.0
11132-1-#,2,0,3,0.73,1,0,0,0.0,2.0,2.676,2.45
11132-1-#,1,0,3,0.73,1,0,0,0.0,21.0,2.676,2.45
11132-1-#,3,0,3,0.73,1,0,0,2.78,36.0,2.676,2.45
10753-2-9,2,0,3,0.48,0,0,1,,,0.032,2.0
10753-2-9,1,0,3,0.48,0,0,1,0.0,,0.032,2.0
10753-2-9,3,0,3,0.48,0,0,1,,,0.032,2.0
10810-1-ס,2,0,3,0.41,0,0,1,0.0,,0.231,2.0
10810-1-ס,1,0,3,0.41,0,0,1,,,0.231,2.0
10810-1-ס,3,0,3,0.41,0,0,1,,,0.231,2.0
10740-1-#,2,0,3,0.59,0,0,1,20.0,3.0,0.257,2.0
10740-1-#,1,0,3,0.59,0,0,1,,,0.257,2.0
10740-1-#,3,0,3,0.59,0,0,1,,,0.257,2.0
12821-2-#,2,0,3,0.36,0,0,1,,,0.107,2.0
12821-2-#,1,0,3,0.36,0,0,1,0.0,,0.107,2.0
12821-2-#,3,0,3,0.36,0,0,1,,,0.107,2.0
10786-1-#,2,0,3,0.74,0,0,1,0.0,,0.597,2.0
10786-1-#,1,0,3,0.74,0,0,1,,,0.597,2.0
10786-1-#,3,0,3,0.74,0,0,1,,,0.597,2.0
11842-2-9,2,0,3,0.53,0,0,1,,,0.398,2.0
11842-2-9,1,0,3,0.53,0,0,1,0.0,,0.398,2.0
11842-2-9,3,0,3,0.53,0,0,1,,,0.398,2.0
11845-2-9,2,0,3,0.65,0,0,1,,,0.192,2.0
11845-2-9,1,0,3,0.65,0,0,1,0.0,,0.192,2.0
11845-2-9,3,0,3,0.65,0,0,1,,,0.192,2.0
15014-1-#,2,0,3,0.34,0,0,1,2.33,1.0,5.206,2.0
15014-1-#,1,0,3,0.34,0,0,1,0.0,7.0,5.206,2.0
15014-1-#,3,0,3,0.34,0,0,1,0.0,10.0,5.206,2.0
15019-2-#,2,0,3,0.84,0,0,1,0.0,1.0,24.69,2.0
15019-2-#,1,0,3,0.84,0,0,1,0.0,6.0,24.69,2.0
15019-2-#,3,0,3,0.84,0,0,1,0.0,9.0,24.69,2.0
17055-3-#,2,0,3,0.43,0,0,1,0.0,5.0,27.441,2.0
17055-3-#,1,0,3,0.43,0,0,1,0.0,18.0,27.441,2.0
17055-3-#,3,0,3,0.43,0,0,1,0.0,4.0,27.441,2.0
22066-2-א,2,0,3,0.54,0,0,1,0.0,,7.147,2.0
22066-2-א,1,0,3,0.54,0,0,1,0.0,2.0,7.147,2.0
22066-2-א,3,0,3,0.54,0,0,1,0.0,2.0,7.147,2.0
30030-3-#,2,0,3,0.49,0,0,1,0.0,,2.793,2.04
30030-3-#,1,0,3,0.49,0,0,1,0.0,1.0,2.793,2.04
30030-3-#,3,0,3,0.49,0,0,1,0.0,1.0,2.793,2.04
64080-3-#,2,0,3,0.68,0,0,1,0.0,,0.301,2.0
64080-3-#,1,0,3,0.68,0,0,1,0.0,1.0,0.301,2.0
64080-3-#,3,0,3,0.68,0,0,1,0.0,2.0,0.301,2.0
10812-1-ח,2,0,3,0.62,0,0,1,0.0,,0.162,2.0
10812-1-ח,1,0,3,0.62,0,0,1,,,0.162,2.0
10812-1-ח,3,0,3,0.62,0,0,1,,,0.162,2.0
10102-2-#,2,0,3,0.58,0,0,1,,,0.14,2.0
10102-2-#,1,0,3,0.58,0,0,1,0.0,,0.14,2.0
10102-2-#,3,0,3,0.58,0,0,1,,,0.14,2.0
12065-1-ד,2,0,3,0.69,0,0,1,0.0,1.0,0.966,2.0
12065-1-ד,1,0,3,0.69,0,0,1,,,0.966,2.0
12065-1-ד,3,0,3,0.69,0,0,1,,,0.966,2.0
17473-2-#,2,0,2,0.58,1,0,0,2.78,,1.087,5.26
17473-2-#,1,0,2,0.58,1,0,0,0.0,,1.087,5.26
17473-2-#,3,0,2,0.58,1,0,0,,,1.087,5.26
11143-1-#,2,0,2,0.6,1,0,0,7.14,13.0,2.301,2.0
11143-1-#,1,0,2,0.6,1,0,0,6.82,48.0,2.301,2.0
11143-1-#,3,0,2,0.6,1,0,0,3.85,31.0,2.301,2.0
12345-2-#,2,0,1,0.63,1,0,0,5.26,27.0,2.734,2.0
12345-2-#,1,0,1,0.63,1,0,0,7.58,38.0,2.734,2.0
12345-2-#,3,0,1,0.63,1,0,0,25.0,23.0,2.734,2.0
17021-2-#,2,0,3,0.51,0,0,1,,,1.751,2.0
17021-2-#,1,0,3,0.51,0,0,1,0.0,,1.751,2.0
17021-2-#,3,0,3,0.51,0,0,1,,,1.751,2.0
13042-1-ז,2,0,3,0.67,0,0,1,,,0.054,2.0
13042-1-ז,1,0,3,0.67,0,0,1,0.0,1.0,0.054,2.0
13042-1-ז,3,0,3,0.67,0,0,1,,,0.054,2.0
16028-1-ז,2,0,3,0.77,0,0,1,0.0,,0.294,2.0
16028-1-ז,1,0,3,0.77,0,0,1,0.0,,0.294,2.0
16028-1-ז,3,0,3,0.77,0,0,1,,,0.294,2.0
13052-1-#,2,0,3,0.37,0,0,1,0.0,4.0,21.283,2.0
13052-1-#,1,0,3,0.37,0,0,1,0.0,13.0,21.283,2.0
13052-1-#,3,0,3,0.37,0,0,1,0.0,10.0,21.283,2.0
14010-2-#,2,0,3,0.58,0,0,1,2.22,2.0,8.213,2.0
14010-2-#,1,0,3,0.58,0,0,1,0.0,4.0,8.213,2.0
14010-2-#,3,0,3,0.58,0,0,1,0.0,1.0,8.213,2.0
17055-2-#,2,0,3,0.42,0,0,1,,,0.276,2.0
17055-2-#,1,0,3,0.42,0,0,1,0.0,6.0,0.276,2.0
17055-2-#,3,0,3,0.42,0,0,1,,,0.276,2.0
10802-2-#,2,0,3,0.44,0,0,1,,,0.118,2.0
10802-2-#,1,0,3,0.44,0,0,1,0.0,,0.118,2.0
10802-2-#,3,0,3,0.44,0,0,1,0.0,,0.118,2.0
10805-2-#,2,0,3,0.62,0,0,1,,,0.144,2.0
10805-2-#,1,0,3,0.62,0,0,1,0.0,2.0,0.144,2.0
10805-2-#,3,0,3,0.62,0,0,1,,,0.144,2.0
11269-1-1,2,0,2,0.61,1,0,0,,,0.074,2.0
11269-1-1,1,0,2,0.61,1,0,0,0.0,1.0,0.074,2.0
11269-1-1,3,0,2,0.61,1,0,0,,,0.074,2.0
12363-2-#,2,0,2,0.81,1,0,0,6.67,25.0,0.43,6.84
12363-2-#,1,0,2,0.81,1,0,0,4.26,78.0,0.43,6.84
12363-2-#,3,0,2,0.81,1,0,0,0.0,7.0,0.43,6.84
11801-1-ר,2,0,3,0.77,0,0,1,0.0,,0.233,2.0
11801-1-ר,1,0,3,0.77,0,0,1,,,0.233,2.0
11801-1-ר,3,0,3,0.77,0,0,1,,,0.233,2.0
13027-1-#,2,0,3,1.0,0,0,1,0.0,1.0,1.459,2.0
13027-1-#,1,0,3,1.0,0,0,1,0.0,3.0,1.459,2.0
13027-1-#,3,0,3,1.0,0,0,1,0.0,,1.459,2.0
49005-1-#,2,0,3,0.47,0,0,1,2.86,6.0,12.294,2.0
49005-1-#,1,0,3,0.47,0,0,1,0.0,6.0,12.294,2.0
49005-1-#,3,0,3,0.47,0,0,1,0.0,8.0,12.294,2.0
11794-2-#,2,0,3,0.34,0,0,1,,,0.2,2.0
11794-2-#,1,0,3,0.34,0,0,1,0.0,,0.2,2.0
11794-2-#,3,0,3,0.34,0,0,1,,,0.2,2.0
10791-2-#,2,0,3,0.48,0,0,1,,,0.189,2.0
10791-2-#,1,0,3,0.48,0,0,1,0.0,,0.189,2.0
10791-2-#,3,0,3,0.48,0,0,1,,,0.189,2.0
10786-2-#,2,0,3,0.61,0,0,1,,,0.441,2.0
10786-2-#,1,0,3,0.61,0,0,1,0.0,,0.441,2.0
10786-2-#,3,0,3,0.61,0,0,1,0.0,,0.441,2.0
11901-1-#,2,0,3,0.62,0,0,1,0.0,,0.372,2.0
11901-1-#,1,0,3,0.62,0,0,1,,,0.372,2.0
11901-1-#,3,0,3,0.62,0,0,1,,,0.372,2.0
10728-1-#,2,0,3,0.72,0,0,1,0.0,,0.035,2.0
10728-1-#,1,0,3,0.72,0,0,1,,,0.035,2.0
10728-1-#,3,0,3,0.72,0,0,1,,,0.035,2.0
10755-1-9,2,0,3,0.88,0,0,1,0.0,,0.107,2.0
10755-1-9,1,0,3,0.88,0,0,1,,,0.107,2.0
10755-1-9,3,0,3,0.88,0,0,1,,,0.107,2.0
13052-1-א,2,0,3,0.35,0,0,1,,,5.357,2.0
13052-1-א,1,0,3,0.35,0,0,1,0.0,6.0,5.357,2.0
13052-1-א,3,0,3,0.35,0,0,1,0.0,2.0,5.357,2.0
12039-1-#,2,0,3,0.48,0,0,1,4.0,4.0,10.842,2.0
12039-1-#,1,0,3,0.48,0,0,1,0.0,20.0,10.842,2.0
12039-1-#,3,0,3,0.48,0,0,1,0.0,14.0,10.842,2.0
13033-2-#,2,0,3,0.5,0,0,1,,,11.795,2.0
13033-2-#,1,0,3,0.5,0,0,1,0.0,4.0,11.795,2.0
13033-2-#,3,0,3,0.5,0,0,1,0.0,1.0,11.795,2.0
12374-1-#,2,0,2,0.67,1,0,0,0.0,8.0,0.529,2.84
12374-1-#,1,0,2,0.67,1,0,0,5.56,18.0,0.529,2.84
12374-1-#,3,0,2,0.67,1,0,0,25.0,27.0,0.529,2.84
14360-2-#,2,0,1,0.96,1,0,0,0.0,150.0,3.006,7.0
14360-2-#,1,0,1,0.96,1,0,0,2.06,94.0,3.006,7.0
14360-2-#,3,0,1,0.96,1,0,0,11.54,58.0,3.006,7.0
11156-1-#,2,0,3,0.46,0,1,0,,,0.573,4.91
11156-1-#,1,0,3,0.46,0,1,0,6.06,,0.573,4.91
11156-1-#,3,0,3,0.46,0,1,0,0.0,8.0,0.573,4.91
11209-2-#,2,0,3,0.4,1,0,0,,,0.013,5.38
11209-2-#,1,0,3,0.4,1,0,0,0.0,,0.013,5.38
11209-2-#,3,0,3,0.4,1,0,0,,,0.013,5.38
11143-2-#,2,0,2,0.58,1,0,0,3.7,30.0,2.177,2.0
11143-2-#,1,0,2,0.58,1,0,0,6.41,16.0,2.177,2.0
11143-2-#,3,0,2,0.58,1,0,0,9.52,14.0,2.177,2.0
13472-2-#,2,0,2,0.58,1,0,0,0.0,5.0,0.515,4.82
13472-2-#,1,0,2,0.58,1,0,0,,,0.515,4.82
13472-2-#,3,0,2,0.58,1,0,0,,,0.515,4.82
13472-1-#,2,0,2,0.6,1,0,0,,,0.225,4.24
13472-1-#,1,0,2,0.6,1,0,0,0.0,2.0,0.225,4.24
13472-1-#,3,0,2,0.6,1,0,0,16.67,6.0,0.225,4.24
11264-1-#,2,0,2,0.43,1,0,0,,,0.035,2.65
11264-1-#,1,0,2,0.43,1,0,0,0.0,,0.035,2.65
11264-1-#,3,0,2,0.43,1,0,0,,,0.035,2.65
12363-1-#,2,0,2,0.81,1,0,0,11.11,11.0,0.44,2.03
12363-1-#,1,0,2,0.81,1,0,0,2.08,76.0,0.44,2.03
12363-1-#,3,0,2,0.81,1,0,0,5.88,152.0,0.44,2.03
11376-2-#,2,0,2,0.64,1,0,0,20.0,18.0,0.194,5.0
11376-2-#,1,0,2,0.64,1,0,0,5.88,6.0,0.194,5.0
11376-2-#,3,0,2,0.64,1,0,0,0.0,2.0,0.194,5.0
10760-2-9,2,0,3,0.65,0,0,1,,,0.174,2.0
10760-2-9,1,0,3,0.65,0,0,1,0.0,,0.174,2.0
10760-2-9,3,0,3,0.65,0,0,1,,,0.174,2.0
10814-1-ב,2,0,3,0.68,0,0,1,0.0,,0.252,2.0
10814-1-ב,1,0,3,0.68,0,0,1,,,0.252,2.0
10814-1-ב,3,0,3,0.68,0,0,1,,,0.252,2.0
11842-1-8,2,0,3,0.62,0,0,1,20.0,,0.5,2.0
11842-1-8,1,0,3,0.62,0,0,1,,,0.5,2.0
11842-1-8,3,0,3,0.62,0,0,1,,,0.5,2.0
12811-1-ר,2,0,3,0.7,0,0,1,0.0,,0.243,2.0
12811-1-ר,1,0,3,0.7,0,0,1,,,0.243,2.0
12811-1-ר,3,0,3,0.7,0,0,1,,,0.243,2.0
11783-1-#,2,0,3,0.56,0,0,1,0.0,,0.138,2.0
11783-1-#,1,0,3,0.56,0,0,1,,,0.138,2.0
11783-1-#,3,0,3,0.56,0,0,1,,,0.138,2.0
11783-2-#,2,0,3,0.54,0,0,1,,,0.111,2.0
11783-2-#,1,0,3,0.54,0,0,1,0.0,,0.111,2.0
11783-2-#,3,0,3,0.54,0,0,1,0.0,,0.111,2.0
11970-1-#,2,0,3,0.18,0,0,1,0.0,,0.154,2.0
11970-1-#,1,0,3,0.18,0,0,1,,,0.154,2.0
11970-1-#,3,0,3,0.18,0,0,1,,,0.154,2.0
10784-2-#,2,0,3,0.55,0,0,1,,,0.052,2.0
10784-2-#,1,0,3,0.55,0,0,1,0.0,,0.052,2.0
10784-2-#,3,0,3,0.55,0,0,1,0.0,,0.052,2.0
14009-1-ד,2,0,3,0.24,0,0,1,2.27,1.0,12.032,2.0
14009-1-ד,1,0,3,0.24,0,0,1,0.0,15.0,12.032,2.0
14009-1-ד,3,0,3,0.24,0,0,1,0.0,7.0,12.032,2.0
16020-3-א,2,0,3,0.55,0,0,1,0.0,,2.607,2.0
16020-3-א,1,0,3,0.55,0,0,1,0.0,,2.607,2.0
16020-3-א,3,0,3,0.55,0,0,1,0.0,,2.607,2.0
16028-1-#,2,0,3,0.82,0,0,1,0.0,,2.792,2.0
16028-1-#,1,0,3,0.82,0,0,1,0.0,,2.792,2.0
16028-1-#,3,0,3,0.82,0,0,1,0.0,3.0,2.792,2.0
18013-1-#,2,0,3,0.64,0,0,1,0.0,,8.691,2.0
18013-1-#,1,0,3,0.64,0,0,1,0.0,4.0,8.691,2.0
18013-1-#,3,0,3,0.64,0,0,1,0.0,1.0,8.691,2.0
19012-1-#,2,0,3,0.48,0,0,1,0.0,1.0,11.919,2.0
19012-1-#,1,0,3,0.48,0,0,1,0.0,5.0,11.919,2.0
19012-1-#,3,0,3,0.48,0,0,1,0.0,1.0,11.919,2.0
23034-1-#,2,0,3,0.73,0,0,1,0.0,2.0,16.489,2.0
23034-1-#,1,0,3,0.73,0,0,1,0.46,4.0,16.489,2.0
23034-1-#,3,0,3,0.73,0,0,1,0.0,5.0,16.489,2.0
10102-1-#,2,0,3,0.62,0,0,1,,,0.017,2.0
10102-1-#,1,0,3,0.62,0,0,1,0.0,,0.017,2.0
10102-1-#,3,0,3,0.62,0,0,1,,,0.017,2.0
10903-1-#,2,0,3,0.35,0,0,1,0.0,,0.547,2.0
10903-1-#,1,0,3,0.35,0,0,1,,,0.547,2.0
10903-1-#,3,0,3,0.35,0,0,1,,,0.547,2.0
13027-1-א,2,0,3,0.7,0,1,0,0.0,,1.076,3.65
13027-1-א,1,0,3,0.7,0,1,0,0.0,1.0,1.076,3.65
13027-1-א,3,0,3,0.7,0,1,0,0.0,,1.076,3.65
12716-2-#,2,0,3,0.4,0,0,1,,,1.178,2.0
12716-2-#,1,0,3,0.4,0,0,1,0.0,1.0,1.178,2.0
12716-2-#,3,0,3,0.4,0,0,1,0.0,,1.178,2.0
10817-1-ז,2,0,3,0.73,0,0,1,0.0,,0.22,2.0
10817-1-ז,1,0,3,0.73,0,0,1,,,0.22,2.0
10817-1-ז,3,0,3,0.73,0,0,1,,,0.22,2.0
10106-1-#,2,0,3,0.34,0,0,1,,,0.303,2.0
10106-1-#,1,0,3,0.34,0,0,1,0.0,,0.303,2.0
10106-1-#,3,0,3,0.34,0,0,1,,,0.303,2.0
14051-2-#,2,0,3,0.4,0,0,1,,,0.459,2.0
14051-2-#,1,0,3,0.4,0,0,1,0.0,,0.459,2.0
14051-2-#,3,0,3,0.4,0,0,1,0.0,,0.459,2.0
14040-1-#,2,0,3,0.61,0,0,1,0.0,3.0,1.078,2.0
14040-1-#,1,0,3,0.61,0,0,1,0.0,4.0,1.078,2.0
14040-1-#,3,0,3,0.61,0,0,1,,,1.078,2.0
16020-1-#,2,0,3,0.56,0,0,1,0.0,1.0,1.947,2.0
16020-1-#,1,0,3,0.56,0,0,1,0.0,,1.947,2.0
16020-1-#,3,0,3,0.56,0,0,1,,,1.947,2.0
13042-2-א,2,0,3,0.7,0,0,1,0.0,,0.405,2.0
13042-2-א,1,0,3,0.7,0,0,1,0.0,3.0,0.405,2.0
13042-2-א,3,0,3,0.7,0,0,1,,,0.405,2.0
27029-2-#,2,0,3,0.58,0,0,1,,,0.242,2.0
27029-2-#,1,0,3,0.58,0,0,1,0.0,,0.242,2.0
27029-2-#,3,0,3,0.58,0,0,1,,,0.242,2.0
11131-2-2,2,0,3,0.6,1,0,0,11.11,8.0,1.06,5.47
11131-2-2,1,0,3,0.6,1,0,0,3.39,16.0,1.06,5.47
11131-2-2,3,0,3,0.6,1,0,0,15.0,6.0,1.06,5.47
11157-2-#,2,0,3,0.76,0,1,0,0.0,10.0,1.918,7.81
11157-2-#,1,0,3,0.76,0,1,0,6.1,5.0,1.918,7.81
11157-2-#,3,0,3,0.76,0,1,0,0.0,7.0,1.918,7.81
11152-1-#,2,0,3,0.61,0,1,0,,,0.148,5.67
11152-1-#,1,0,3,0.61,0,1,0,0.0,3.0,0.148,5.67
11152-1-#,3,0,3,0.61,0,1,0,16.67,4.0,0.148,5.67
11155-2-א,2,0,3,0.54,0,1,0,,,0.118,8.0
11155-2-א,1,0,3,0.54,0,1,0,0.0,1.0,0.118,8.0
11155-2-א,3,0,3,0.54,0,1,0,,,0.118,8.0
11132-2-#,2,0,3,0.78,1,0,0,2.7,10.0,1.956,5.0
11132-2-#,1,0,3,0.78,1,0,0,10.53,11.0,1.956,5.0
11132-2-#,3,0,3,0.78,1,0,0,12.5,8.0,1.956,5.0
11133-1-#,2,0,3,0.71,1,0,0,4.17,17.0,3.15,2.59
11133-1-#,1,0,3,0.71,1,0,0,2.33,103.0,3.15,2.59
11133-1-#,3,0,3,0.71,1,0,0,5.0,70.0,3.15,2.59
12138-3-#,2,0,3,0.8,1,0,0,7.41,27.0,1.512,4.03
12138-3-#,1,0,3,0.8,1,0,0,0.0,11.0,1.512,4.03
12138-3-#,3,0,3,0.8,1,0,0,0.0,5.0,1.512,4.03
10120-2-#,2,0,3,0.5,1,0,0,0.0,2.0,0.366,6.0
10120-2-#,1,0,3,0.5,1,0,0,0.0,,0.366,6.0
10120-2-#,3,0,3,0.5,1,0,0,,,0.366,6.0
18129-2-#,2,0,3,0.54,1,0,0,0.0,2.0,0.594,6.0
18129-2-#,1,0,3,0.54,1,0,0,37.5,,0.594,6.0
18129-2-#,3,0,3,0.54,1,0,0,,,0.594,6.0
10176-2-#,2,0,3,0.52,1,0,0,4.0,6.0,1.785,5.99
10176-2-#,1,0,3,0.52,1,0,0,3.17,2.0,1.785,5.99
10176-2-#,3,0,3,0.52,1,0,0,0.0,4.0,1.785,5.99
11174-1-#,2,0,3,0.5,1,0,0,6.67,15.0,2.147,4.48
11174-1-#,1,0,3,0.5,1,0,0,6.06,13.0,2.147,4.48
11174-1-#,3,0,3,0.5,1,0,0,11.54,23.0,2.147,4.48
10122-2-#,2,0,3,0.5,1,0,0,0.0,4.0,0.602,6.0
10122-2-#,1,0,3,0.5,1,0,0,0.0,2.0,0.602,6.0
10122-2-#,3,0,3,0.5,1,0,0,,,0.602,6.0
13362-2-#,2,0,2,0.64,1,0,0,33.33,46.0,0.859,5.15
13362-2-#,1,0,2,0.64,1,0,0,6.45,35.0,0.859,5.15
13362-2-#,3,0,2,0.64,1,0,0,33.33,17.0,0.859,5.15
16028-2-ך,2,0,3,0.78,0,0,1,0.0,1.0,0.068,2.0
16028-2-ך,1,0,3,0.78,0,0,1,,,0.068,2.0
16028-2-ך,3,0,3,0.78,0,0,1,,,0.068,2.0
12067-1-א,2,0,3,0.68,0,0,1,0.0,3.0,2.119,2.0
12067-1-א,1,0,3,0.68,0,0,1,0.0,4.0,2.119,2.0
12067-1-א,3,0,3,0.68,0,0,1,,,2.119,2.0
13052-2-#,2,0,3,0.35,0,0,1,0.0,,21.223,2.0
13052-2-#,1,0,3,0.35,0,0,1,0.0,13.0,21.223,2.0
13052-2-#,3,0,3,0.35,0,0,1,0.0,2.0,21.223,2.0
16056-2-#,2,0,3,0.46,0,0,1,,,0.166,2.0
16056-2-#,1,0,3,0.46,0,0,1,0.0,3.0,0.166,2.0
16056-2-#,3,0,3,0.46,0,0,1,0.0,,0.166,2.0
17055-1-#,2,0,3,0.46,0,0,1,,,0.287,2.0
17055-1-#,1,0,3,0.46,0,0,1,0.0,17.0,0.287,2.0
17055-1-#,3,0,3,0.46,0,0,1,,,0.287,2.0
13036-2-#,2,0,3,0.76,0,0,1,,,0.08,2.0
13036-2-#,1,0,3,0.76,0,0,1,0.0,2.0,0.08,2.0
13036-2-#,3,0,3,0.76,0,0,1,,,0.08,2.0
10802-1-ע,2,0,3,0.54,0,0,1,0.0,,0.174,2.0
10802-1-ע,1,0,3,0.54,0,0,1,,,0.174,2.0
10802-1-ע,3,0,3,0.54,0,0,1,,,0.174,2.0
15019-1-6,2,0,3,0.77,0,0,1,12.5,,0.881,2.0
15019-1-6,1,0,3,0.77,0,0,1,0.0,,0.881,2.0
15019-1-6,3,0,3,0.77,0,0,1,,,0.881,2.0
15019-1-7,2,0,3,0.75,0,0,1,0.0,,0.654,2.0
15019-1-7,1,0,3,0.75,0,0,1,,,0.654,2.0
15019-1-7,3,0,3,0.75,0,0,1,,,0.654,2.0
10122-1-#,2,0,3,0.48,1,0,0,,,0.46,5.42
10122-1-#,1,0,3,0.48,1,0,0,,,0.46,5.42
10122-1-#,3,0,3,0.48,1,0,0,0.0,8.0,0.46,5.42
15125-2-#,2,0,3,0.67,1,0,0,0.0,,0.305,6.0
15125-2-#,1,0,3,0.67,1,0,0,,,0.305,6.0
15125-2-#,3,0,3,0.67,1,0,0,,,0.305,6.0
11174-2-#,2,0,3,0.41,1,0,0,0.0,8.0,3.803,6.0
11174-2-#,1,0,3,0.41,1,0,0,0.0,9.0,3.803,6.0
11174-2-#,3,0,3,0.41,1,0,0,8.0,5.0,3.803,6.0
10124-2-#,2,0,3,0.52,1,0,0,0.0,4.0,1.34,6.0
10124-2-#,1,0,3,0.52,1,0,0,0.0,,1.34,6.0
10124-2-#,3,0,3,0.52,1,0,0,12.5,2.0,1.34,6.0
11209-1-#,2,0,3,0.44,1,0,0,,,0.186,2.66
11209-1-#,1,0,3,0.44,1,0,0,0.0,3.0,0.186,2.66
11209-1-#,3,0,3,0.44,1,0,0,,,0.186,2.66
13211-1-א,2,0,3,0.42,1,0,0,,,0.102,2.71
13211-1-א,1,0,3,0.42,1,0,0,0.0,,0.102,2.71
13211-1-א,3,0,3,0.42,1,0,0,,,0.102,2.71
24170-1-#,2,0,3,0.79,1,0,0,0.0,1.0,0.024,6.0
24170-1-#,1,0,3,0.79,1,0,0,,,0.024,6.0
24170-1-#,3,0,3,0.79,1,0,0,,,0.024,6.0
15019-1-ד,2,0,3,0.71,0,0,1,0.0,1.0,0.991,2.0
15019-1-ד,1,0,3,0.71,0,0,1,0.0,1.0,0.991,2.0
15019-1-ד,3,0,3,0.71,0,0,1,,,0.991,2.0
13042-1-#,2,0,3,0.65,0,0,1,0.0,2.0,3.526,2.0
13042-1-#,1,0,3,0.65,0,0,1,0.0,11.0,3.526,2.0
13042-1-#,3,0,3,0.65,0,0,1,0.0,3.0,3.526,2.0
16096-1-ב,2,0,3,0.61,0,0,1,0.0,1.0,0.434,2.0
16096-1-ב,1,0,3,0.61,0,0,1,,,0.434,2.0
16096-1-ב,3,0,3,0.61,0,0,1,,,0.434,2.0
12900-2-#,2,0,3,0.51,0,0,1,,,0.189,2.0
12900-2-#,1,0,3,0.51,0,0,1,0.0,1.0,0.189,2.0
12900-2-#,3,0,3,0.51,0,0,1,,,0.189,2.0
10753-1-9,2,0,3,0.35,0,0,1,0.0,,0.003,2.0
10753-1-9,1,0,3,0.35,0,0,1,,,0.003,2.0
10753-1-9,3,0,3,0.35,0,0,1,,,0.003,2.0
10763-1-9,2,0,3,0.88,0,0,1,0.0,,0.019,2.0
10763-1-9,1,0,3,0.88,0,0,1,,,0.019,2.0
10763-1-9,3,0,3,0.88,0,0,1,,,0.019,2.0
10814-2-#,2,0,3,0.5,0,0,1,,,0.087,2.0
10814-2-#,1,0,3,0.5,0,0,1,0.0,,0.087,2.0
10814-2-#,3,0,3,0.5,0,0,1,,,0.087,2.0
13362-2-4,2,0,2,0.58,1,0,0,,,0.006,5.05
13362-2-4,1,0,2,0.58,1,0,0,0.0,6.0,0.006,5.05
13362-2-4,3,0,2,0.58,1,0,0,,,0.006,5.05
12366-1-#,2,0,2,0.5,1,0,0,0.0,7.0,0.357,2.38
12366-1-#,1,0,2,0.5,1,0,0,0.0,8.0,0.357,2.38
12366-1-#,3,0,2,0.5,1,0,0,0.0,11.0,0.357,2.38
13362-1-#,2,0,2,0.7,1,0,0,7.69,34.0,1.004,2.58
13362-1-#,1,0,2,0.7,1,0,0,20.0,82.0,1.004,2.58
13362-1-#,3,0,2,0.7,1,0,0,16.67,45.0,1.004,2.58
14360-1-#,2,0,1,0.89,1,0,0,0.0,20.0,2.943,2.8
14360-1-#,1,0,1,0.89,1,0,0,2.73,140.0,2.943,2.8
14360-1-#,3,0,1,0.89,1,0,0,3.57,212.0,2.943,2.8
10267-1-#,2,0,2,0.59,1,0,0,,,0.061,2.21
10267-1-#,1,0,2,0.59,1,0,0,0.0,4.0,0.061,2.21
10267-1-#,3,0,2,0.59,1,0,0,,,0.061,2.21
10267-2-#,2,0,2,0.61,1,0,0,,,0.006,5.41
10267-2-#,1,0,2,0.61,1,0,0,0.0,,0.006,5.41
10267-2-#,3,0,2,0.61,1,0,0,,,0.006,5.41
11153-2-#,2,0,3,0.66,0,1,0,0.0,3.0,0.25,8.0
11153-2-#,1,0,3,0.66,0,1,0,,,0.25,8.0
11153-2-#,3,0,3,0.66,0,1,0,,,0.25,8.0
10104-2-#,2,0,3,0.49,0,1,0,,,0.006,7.09
10104-2-#,1,0,3,0.49,0,1,0,0.0,,0.006,7.09
10104-2-#,3,0,3,0.49,0,1,0,,,0.006,7.09
13121-1-#,2,0,3,0.58,1,0,0,,,0.143,4.76
13121-1-#,1,0,3,0.58,1,0,0,,,0.143,4.76
13121-1-#,3,0,3,0.58,1,0,0,0.0,15.0,0.143,4.76
12811-2-#,2,0,3,0.62,0,0,1,,,0.2,2.0
12811-2-#,1,0,3,0.62,0,0,1,0.0,1.0,0.2,2.0
12811-2-#,3,0,3,0.62,0,0,1,,,0.2,2.0
11971-1-#,2,0,3,0.42,0,0,1,0.0,1.0,0.151,2.0
11971-1-#,1,0,3,0.42,0,0,1,,,0.151,2.0
11971-1-#,3,0,3,0.42,0,0,1,,,0.151,2.0
11785-1-#,2,0,3,0.67,0,0,1,0.0,,0.389,2.0
11785-1-#,1,0,3,0.67,0,0,1,,,0.389,2.0
11785-1-#,3,0,3,0.67,0,0,1,,,0.389,2.0
10743-1-#,2,0,3,0.59,0,0,1,0.0,,0.131,2.0
10743-1-#,1,0,3,0.59,0,0,1,,,0.131,2.0
10743-1-#,3,0,3,0.59,0,0,1,,,0.131,2.0
11787-1-#,2,0,3,0.78,0,0,1,0.0,,0.339,2.0
11787-1-#,1,0,3,0.78,0,0,1,,,0.339,2.0
11787-1-#,3,0,3,0.78,0,0,1,,,0.339,2.0
11972-2-#,2,0,3,0.56,0,0,1,,,0.009,2.0
11972-2-#,1,0,3,0.56,0,0,1,0.0,1.0,0.009,2.0
11972-2-#,3,0,3,0.56,0,0,1,,,0.009,2.0
10792-1-#,2,0,3,0.42,0,0,1,0.0,,0.14,2.0
10792-1-#,1,0,3,0.42,0,0,1,,,0.14,2.0
10792-1-#,3,0,3,0.42,0,0,1,,,0.14,2.0
13361-1-#,2,0,2,0.67,1,0,0,0.0,14.0,0.735,2.59
13361-1-#,1,0,2,0.67,1,0,0,0.0,47.0,0.735,2.59
13361-1-#,3,0,2,0.67,1,0,0,37.5,32.0,0.735,2.59
13211-1-#,2,0,3,0.44,1,0,0,,,0.046,3.41
13211-1-#,1,0,3,0.44,1,0,0,0.0,,0.046,3.41
13211-1-#,3,0,3,0.44,1,0,0,,,0.046,3.41
13141-2-#,2,0,1,0.69,1,0,0,4.55,40.0,1.564,3.26
13141-2-#,1,0,1,0.69,1,0,0,0.0,13.0,1.564,3.26
13141-2-#,3,0,1,0.69,1,0,0,7.69,9.0,1.564,3.26
11142-1-#,2,0,2,0.56,1,0,0,9.52,6.0,3.647,2.46
11142-1-#,1,0,2,0.56,1,0,0,6.12,33.0,3.647,2.46
11142-1-#,3,0,2,0.56,1,0,0,12.0,22.0,3.647,2.46
15148-1-#,2,0,1,0.74,1,0,0,0.0,1.0,0.449,2.0
15148-1-#,1,0,1,0.74,1,0,0,0.0,6.0,0.449,2.0
15148-1-#,3,0,1,0.74,1,0,0,6.25,12.0,0.449,2.0
11140-1-#,2,0,1,0.66,1,0,0,0.0,47.0,3.61,2.33
11140-1-#,1,0,1,0.66,1,0,0,13.27,180.0,3.61,2.33
11140-1-#,3,0,1,0.66,1,0,0,21.21,150.0,3.61,2.33
13141-1-#,2,0,1,0.68,1,0,0,,,1.326,2.16
13141-1-#,1,0,1,0.68,1,0,0,2.56,42.0,1.326,2.16
13141-1-#,3,0,1,0.68,1,0,0,12.5,50.0,1.326,2.16
11264-2-#,2,0,2,0.44,1,0,0,,,0.011,3.55
11264-2-#,1,0,2,0.44,1,0,0,0.0,,0.011,3.55
11264-2-#,3,0,2,0.44,1,0,0,,,0.011,3.55
13270-1-#,2,0,2,0.57,1,0,0,,,0.052,2.0
13270-1-#,1,0,2,0.57,1,0,0,0.0,,0.052,2.0
13270-1-#,3,0,2,0.57,1,0,0,,,0.052,2.0
13361-2-#,2,0,2,0.62,1,0,0,0.0,17.0,0.764,5.47
13361-2-#,1,0,2,0.62,1,0,0,14.29,21.0,0.764,5.47
13361-2-#,3,0,2,0.62,1,0,0,50.0,22.0,0.764,5.47
12265-2-#,2,0,2,0.56,1,0,0,,,0.004,3.69
12265-2-#,1,0,2,0.56,1,0,0,0.0,,0.004,3.69
12265-2-#,3,0,2,0.56,1,0,0,,,0.004,3.69
12159-1-#,2,0,3,0.37,0,1,0,,,0.062,5.0
12159-1-#,1,0,3,0.37,0,1,0,,,0.062,5.0
12159-1-#,3,0,3,0.37,0,1,0,8.33,2.0,0.062,5.0
11132-1-1,2,0,3,0.75,1,0,0,,,0.308,2.4
11132-1-1,1,0,3,0.75,1,0,0,12.5,2.0,0.308,2.4
11132-1-1,3,0,3,0.75,1,0,0,12.5,1.0,0.308,2.4
11133-2-#,2,0,3,0.74,1,0,0,5.26,91.0,2.962,5.0
11133-2-#,1,0,3,0.74,1,0,0,5.13,79.0,2.962,5.0
11133-2-#,3,0,3,0.74,1,0,0,12.5,53.0,2.962,5.0
11156-1-1,2,0,3,0.37,0,1,0,,,0.53,3.96
11156-1-1,1,0,3,0.37,0,1,0,,,0.53,3.96
11156-1-1,3,0,3,0.37,0,1,0,15.62,13.0,0.53,3.96
12137-2-#,2,0,3,0.98,1,0,0,7.41,11.0,2.634,5.0
12137-2-#,1,0,3,0.98,1,0,0,9.33,8.0,2.634,5.0
12137-2-#,3,0,3,0.98,1,0,0,6.06,18.0,2.634,5.0
10130-1-#,2,0,3,0.82,1,0,0,8.33,,0.147,2.17
10130-1-#,1,0,3,0.82,1,0,0,0.0,,0.147,2.17
10130-1-#,3,0,3,0.82,1,0,0,,,0.147,2.17
11132-2-1,2,0,3,0.79,1,0,0,0.0,,0.135,5.0
11132-2-1,1,0,3,0.79,1,0,0,,,0.135,5.0
11132-2-1,3,0,3,0.79,1,0,0,25.0,1.0,0.135,5.0
10130-2-#,2,0,3,0.83,1,0,0,,,0.114,5.0
10130-2-#,1,0,3,0.83,1,0,0,0.0,,0.114,5.0
10130-2-#,3,0,3,0.83,1,0,0,25.0,,0.114,5.0
11156-2-#,2,0,3,0.58,0,1,0,0.0,2.0,0.089,8.0
11156-2-#,1,0,3,0.58,0,1,0,,,0.089,8.0
11156-2-#,3,0,3,0.58,0,1,0,,,0.089,8.0
10105-1-1,2,0,3,0.64,1,0,0,,,0.046,2.0
10105-1-1,1,0,3,0.64,1,0,0,0.0,,0.046,2.0
10105-1-1,3,0,3,0.64,1,0,0,,,0.046,2.0
10105-2-#,2,0,3,0.74,1,0,0,,,0.006,3.72
10105-2-#,1,0,3,0.74,1,0,0,0.0,2.0,0.006,3.72
10105-2-#,3,0,3,0.74,1,0,0,,,0.006,3.72
18129-1-#,2,0,3,0.56,1,0,0,,,0.375,5.09
18129-1-#,1,0,3,0.56,1,0,0,25.0,6.0,0.375,5.09
18129-1-#,3,0,3,0.56,1,0,0,25.0,4.0,0.375,5.09
11123-2-#,2,0,3,0.48,1,0,0,0.0,1.0,0.268,6.0
11123-2-#,1,0,3,0.48,1,0,0,,,0.268,6.0
11123-2-#,3,0,3,0.48,1,0,0,,,0.268,6.0
10120-1-#,2,0,3,0.51,1,0,0,,,0.136,4.27
10120-1-#,1,0,3,0.51,1,0,0,,,0.136,4.27
10120-1-#,3,0,3,0.51,1,0,0,0.0,1.0,0.136,4.27
10176-1-#,2,0,3,0.55,1,0,0,0.0,2.0,1.35,4.17
10176-1-#,1,0,3,0.55,1,0,0,3.39,11.0,1.35,4.17
10176-1-#,3,0,3,0.55,1,0,0,11.54,10.0,1.35,4.17
10177-2-#,2,0,3,0.42,1,0,0,6.67,3.0,2.718,6.0
10177-2-#,1,0,3,0.42,1,0,0,0.0,4.0,2.718,6.0
10177-2-#,3,0,3,0.42,1,0,0,12.5,1.0,2.718,6.0
11178-1-#,2,0,3,0.48,1,0,0,0.0,2.0,0.285,4.91
11178-1-#,1,0,3,0.48,1,0,0,0.0,2.0,0.285,4.91
11178-1-#,3,0,3,0.48,1,0,0,0.0,9.0,0.285,4.91
15166-1-#,2,0,3,0.63,1,0,0,5.88,3.0,3.686,3.43
15166-1-#,1,0,3,0.63,1,0,0,0.61,4.0,3.686,3.43
15166-1-#,3,0,3,0.63,1,0,0,12.31,8.0,3.686,3.43
11178-2-#,2,0,3,0.42,1,0,0,0.0,3.0,0.265,6.0
11178-2-#,1,0,3,0.42,1,0,0,,,0.265,6.0
11178-2-#,3,0,3,0.42,1,0,0,,,0.265,6.0
13211-2-א,2,0,3,0.41,1,0,0,,,0.023,5.74
13211-2-א,1,0,3,0.41,1,0,0,0.0,,0.023,5.74
13211-2-א,3,0,3,0.41,1,0,0,,,0.023,5.74
14144-1-#,2,0,1,0.57,1,0,0,0.0,3.0,1.482,2.0
14144-1-#,1,0,1,0.57,1,0,0,3.45,15.0,1.482,2.0
14144-1-#,3,0,1,0.57,1,0,0,6.25,23.0,1.482,2.0
11145-2-#,2,0,1,0.66,1,0,0,9.38,53.0,3.115,2.0
11145-2-#,1,0,1,0.66,1,0,0,9.38,35.0,3.115,2.0
11145-2-#,3,0,1,0.66,1,0,0,18.18,28.0,3.115,2.0
11140-2-#,2,0,1,0.67,1,0,0,12.5,43.0,3.511,3.38
11140-2-#,1,0,1,0.67,1,0,0,4.85,90.0,3.511,3.38
11140-2-#,3,0,1,0.67,1,0,0,18.92,59.0,3.511,3.38
11269-2-1,2,0,2,0.63,1,0,0,,,0.016,3.69
11269-2-1,1,0,2,0.63,1,0,0,0.0,,0.016,3.69
11269-2-1,3,0,2,0.63,1,0,0,,,0.016,3.69
13270-2-#,2,0,2,0.56,1,0,0,,,0.006,2.63
13270-2-#,1,0,2,0.56,1,0,0,0.0,1.0,0.006,2.63
13270-2-#,3,0,2,0.56,1,0,0,,,0.006,2.63
14360-2-4,2,0,1,0.82,1,0,0,,,0.069,7.0
14360-2-4,1,0,1,0.82,1,0,0,0.0,5.0,0.069,7.0
14360-2-4,3,0,1,0.82,1,0,0,,,0.069,7.0
12374-2-#,2,0,2,0.68,1,0,0,6.67,25.0,0.513,5.0
12374-2-#,1,0,2,0.68,1,0,0,5.0,15.0,0.513,5.0
12374-2-#,3,0,2,0.68,1,0,0,37.5,11.0,0.513,5.0
12265-1-#,2,0,2,0.53,1,0,0,,,0.026,2.0
12265-1-#,1,0,2,0.53,1,0,0,0.0,1.0,0.026,2.0
12265-1-#,3,0,2,0.53,1,0,0,,,0.026,2.0
18074-1-0,2,0,3,0.56,0,0,1,0.0,9.0,34.652,2.03
18074-1-0,1,0,3,0.56,0,0,1,1.89,23.0,34.652,2.03
18074-1-0,3,0,3,0.56,0,0,1,7.58,20.0,34.652,2.03
21078-2-1,2,0,3,0.5,0,0,1,0.0,,2.232,2.0
21078-2-1,1,0,3,0.5,0,0,1,4.35,,2.232,2.0
21078-2-1,3,0,3,0.5,0,0,1,0.0,2.0,2.232,2.0
15031-1-0,2,0,3,0.66,0,0,1,10.67,20.0,19.508,2.0
15031-1-0,1,0,3,0.66,0,0,1,7.58,20.0,19.508,2.0
15031-1-0,3,0,3,0.66,0,0,1,17.07,13.0,19.508,2.0
17071-1-0,2,0,3,0.73,0,0,1,2.67,34.0,36.967,2.0
17071-1-0,1,0,3,0.73,0,0,1,3.9,29.0,36.967,2.0
17071-1-0,3,0,3,0.73,0,0,1,14.46,17.0,36.967,2.0
19075-2-0,2,0,3,0.67,0,0,1,1.75,4.0,29.156,2.0
19075-2-0,1,0,3,0.67,0,0,1,6.3,16.0,29.156,2.0
19075-2-0,3,0,3,0.67,0,0,1,12.2,7.0,29.156,2.0
92002-3-0,2,0,3,0.91,0,0,1,3.08,2.0,6.353,2.0
92002-3-0,1,0,3,0.91,0,0,1,1.41,5.0,6.353,2.0
92002-3-0,3,0,3,0.91,0,0,1,7.5,3.0,6.353,2.0
14506-1-0,2,0,3,0.69,0,0,1,6.25,35.0,3.482,2.0
14506-1-0,1,0,3,0.69,0,0,1,6.0,36.0,3.482,2.0
14506-1-0,3,0,3,0.69,0,0,1,2.08,38.0,3.482,2.0
12531-3-0,2,0,3,0.86,0,0,1,5.71,15.0,13.395,2.0
12531-3-0,1,0,3,0.86,0,0,1,3.77,21.0,13.395,2.0
12531-3-0,3,0,3,0.86,0,0,1,9.76,7.0,13.395,2.0
19075-1-0,2,0,3,0.68,0,0,1,2.74,13.0,26.964,2.04
19075-1-0,1,0,3,0.68,0,0,1,0.84,21.0,26.964,2.04
19075-1-0,3,0,3,0.68,0,0,1,3.03,12.0,26.964,2.04
47091-1-0,2,0,3,0.42,0,0,1,8.96,18.0,11.228,2.0
47091-1-0,1,0,3,0.42,0,0,1,7.85,39.0,11.228,2.0
47091-1-0,3,0,3,0.42,0,0,1,17.07,20.0,11.228,2.0
10773-2-0,2,0,3,0.49,0,0,1,,,0.008,2.0
10773-2-0,1,0,3,0.49,0,0,1,0.0,,0.008,2.0
10773-2-0,3,0,3,0.49,0,0,1,0.0,,0.008,2.0
11882-1-0,2,0,3,0.87,0,0,1,0.0,,0.13,2.0
11882-1-0,1,0,3,0.87,0,0,1,,,0.13,2.0
11882-1-0,3,0,3,0.87,0,0,1,,,0.13,2.0
10804-1-0,2,0,3,0.38,0,0,1,0.0,,0.272,2.0
10804-1-0,1,0,3,0.38,0,0,1,,,0.272,2.0
10804-1-0,3,0,3,0.38,0,0,1,,,0.272,2.0
10746-1-0,2,0,3,0.92,0,0,1,0.0,,0.226,2.0
10746-1-0,1,0,3,0.92,0,0,1,,,0.226,2.0
10746-1-0,3,0,3,0.92,0,0,1,,,0.226,2.0
10749-1-0,2,0,3,0.45,0,0,1,0.0,,0.118,2.0
10749-1-0,1,0,3,0.45,0,0,1,,,0.118,2.0
10749-1-0,3,0,3,0.45,0,0,1,,,0.118,2.0
33090-3-0,2,0,3,0.51,0,0,1,5.71,9.0,5.761,2.0
33090-3-0,1,0,3,0.51,0,0,1,14.61,8.0,5.761,2.0
33090-3-0,3,0,3,0.51,0,0,1,34.15,2.0,5.761,2.0
20038-3-0,2,0,3,0.86,0,0,1,0.0,1.0,6.89,2.0
20038-3-0,1,0,3,0.86,0,0,1,1.15,1.0,6.89,2.0
20038-3-0,3,0,3,0.86,0,0,1,5.68,1.0,6.89,2.0
11823-1-0,2,0,3,0.58,0,0,1,0.0,,0.128,2.0
11823-1-0,1,0,3,0.58,0,0,1,,,0.128,2.0
11823-1-0,3,0,3,0.58,0,0,1,,,0.128,2.0
11844-2-0,2,0,3,0.64,0,0,1,,,0.283,2.0
11844-2-0,1,0,3,0.64,0,0,1,0.0,,0.283,2.0
11844-2-0,3,0,3,0.64,0,0,1,,,0.283,2.0
11825-2-0,2,0,3,0.57,0,0,1,,,0.186,2.0
11825-2-0,1,0,3,0.57,0,0,1,0.0,1.0,0.186,2.0
11825-2-0,3,0,3,0.57,0,0,1,,,0.186,2.0
10746-2-0,2,0,3,1.0,0,0,1,,,0.169,2.0
10746-2-0,1,0,3,1.0,0,0,1,20.0,,0.169,2.0
10746-2-0,3,0,3,1.0,0,0,1,,,0.169,2.0
16217-2-0,2,0,1,0.73,1,0,0,,,0.101,2.0
16217-2-0,1,0,1,0.73,1,0,0,0.0,4.0,0.101,2.0
16217-2-0,3,0,1,0.73,1,0,0,,,0.101,2.0
11224-1-#,2,0,1,0.71,1,0,0,,,0.025,1.0
11224-1-#,1,0,1,0.71,1,0,0,0.0,,0.025,1.0
11224-1-#,3,0,1,0.71,1,0,0,,,0.025,1.0
11225-1-#,2,0,1,0.65,1,0,0,3.45,20.0,3.177,1.02
11225-1-#,1,0,1,0.65,1,0,0,5.68,19.0,3.177,1.02
11225-1-#,3,0,1,0.65,1,0,0,9.09,19.0,3.177,1.02
12291-1-9,2,0,1,0.54,0,1,0,,,0.018,1.0
12291-1-9,1,0,1,0.54,0,1,0,0.0,,0.018,1.0
12291-1-9,3,0,1,0.54,0,1,0,,,0.018,1.0
12292-1-9,2,0,1,0.53,0,1,0,,,0.126,1.02
12292-1-9,1,0,1,0.53,0,1,0,0.0,2.0,0.126,1.02
12292-1-9,3,0,1,0.53,0,1,0,,,0.126,1.02
13290-1-9,2,0,1,0.49,0,1,0,,,0.088,1.0
13290-1-9,1,0,1,0.49,0,1,0,0.0,3.0,0.088,1.0
13290-1-9,3,0,1,0.49,0,1,0,,,0.088,1.0
12242-2-#,2,0,1,0.7,1,0,0,,,0.093,2.0
12242-2-#,1,0,1,0.7,1,0,0,12.5,8.0,0.093,2.0
12242-2-#,3,0,1,0.7,1,0,0,,,0.093,2.0
14226-2-#,2,0,1,0.66,1,0,0,0.0,5.0,3.989,1.99
14226-2-#,1,0,1,0.66,1,0,0,2.1,33.0,3.989,1.99
14226-2-#,3,0,1,0.66,1,0,0,0.0,23.0,3.989,1.99
12184-1-0,2,0,2,0.61,0,1,0,,,0.315,2.63
12184-1-0,1,0,2,0.61,0,1,0,0.0,9.0,0.315,2.63
12184-1-0,3,0,2,0.61,0,1,0,,,0.315,2.63
12184-2-0,2,0,2,0.64,0,1,0,11.11,1.0,0.412,7.82
12184-2-0,1,0,2,0.64,0,1,0,0.0,,0.412,7.82
12184-2-0,3,0,2,0.64,0,1,0,0.0,,0.412,7.82
12292-1-2,2,0,1,1.0,1,0,0,,,0.01,1.36
12292-1-2,1,0,1,1.0,1,0,0,0.0,,0.01,1.36
12292-1-2,3,0,1,1.0,1,0,0,,,0.01,1.36
16222-1-#,2,0,1,0.71,1,0,0,,,0.043,1.0
16222-1-#,1,0,1,0.71,1,0,0,0.0,,0.043,1.0
16222-1-#,3,0,1,0.71,1,0,0,,,0.043,1.0
17246-2-#,2,0,1,0.67,1,0,0,4.0,7.0,4.204,1.98
17246-2-#,1,0,1,0.67,1,0,0,3.52,77.0,4.204,1.98
17246-2-#,3,0,1,0.67,1,0,0,0.0,21.0,4.204,1.98
58082-3-0,2,0,3,0.99,0,0,1,3.33,,0.694,2.0
58082-3-0,1,0,3,0.99,0,0,1,0.0,1.0,0.694,2.0
58082-3-0,3,0,3,0.99,0,0,1,7.14,5.0,0.694,2.0
48083-3-0,2,0,3,0.83,0,0,1,,,3.268,2.0
48083-3-0,1,0,3,0.83,0,0,1,0.88,4.0,3.268,2.0
48083-3-0,3,0,3,0.83,0,0,1,5.0,4.0,3.268,2.0
10516-2-0,2,0,3,0.62,0,0,1,1.33,8.0,12.902,2.0
10516-2-0,1,0,3,0.62,0,0,1,4.15,8.0,12.902,2.0
10516-2-0,3,0,3,0.62,0,0,1,10.98,3.0,12.902,2.0
31077-1-1,2,0,3,0.65,0,0,1,5.88,10.0,12.06,2.0
31077-1-1,1,0,3,0.65,0,0,1,4.95,12.0,12.06,2.0
31077-1-1,3,0,3,0.65,0,0,1,6.25,4.0,12.06,2.0
31077-2-1,2,0,3,0.66,0,0,1,3.33,1.0,11.736,2.0
31077-2-1,1,0,3,0.66,0,0,1,3.96,4.0,11.736,2.0
31077-2-1,3,0,3,0.66,0,0,1,4.17,5.0,11.736,2.0
11882-1-1,2,0,3,0.97,0,0,1,0.0,,0.051,2.0
11882-1-1,1,0,3,0.97,0,0,1,,,0.051,2.0
11882-1-1,3,0,3,0.97,0,0,1,,,0.051,2.0
10822-1-0,2,0,3,0.34,0,0,1,0.0,,0.087,2.0
10822-1-0,1,0,3,0.34,0,0,1,,,0.087,2.0
10822-1-0,3,0,3,0.34,0,0,1,,,0.087,2.0
11825-1-0,2,0,3,0.69,0,0,1,0.0,,0.312,2.0
11825-1-0,1,0,3,0.69,0,0,1,,,0.312,2.0
11825-1-0,3,0,3,0.69,0,0,1,,,0.312,2.0
11824-2-0,2,0,3,0.55,0,0,1,,,0.075,2.0
11824-2-0,1,0,3,0.55,0,0,1,0.0,,0.075,2.0
11824-2-0,3,0,3,0.55,0,0,1,,,0.075,2.0
10516-1-0,2,0,3,0.74,0,0,1,4.0,14.0,16.738,2.0
10516-1-0,1,0,3,0.74,0,0,1,4.91,21.0,16.738,2.0
10516-1-0,3,0,3,0.74,0,0,1,14.63,17.0,16.738,2.0
14580-3-0,2,0,3,0.8,0,0,1,,,2.633,2.0
14580-3-0,1,0,3,0.8,0,0,1,5.06,7.0,2.633,2.0
14580-3-0,3,0,3,0.8,0,0,1,20.59,4.0,2.633,2.0
10750-2-0,2,0,3,0.57,0,0,1,,,0.066,2.0
10750-2-0,1,0,3,0.57,0,0,1,0.0,,0.066,2.0
10750-2-0,3,0,3,0.57,0,0,1,,,0.066,2.0
14506-2-0,2,0,3,0.68,0,0,1,5.56,16.0,3.75,2.0
14506-2-0,1,0,3,0.68,0,0,1,4.17,19.0,3.75,2.0
14506-2-0,3,0,3,0.68,0,0,1,4.69,38.0,3.75,2.0
10163-2-0,2,0,3,0.83,0,0,1,0.0,,1.556,2.0
10163-2-0,1,0,3,0.83,0,0,1,3.23,2.0,1.556,2.0
10163-2-0,3,0,3,0.83,0,0,1,0.0,,1.556,2.0
17072-1-0,2,0,3,0.8,0,0,1,5.33,15.0,33.167,2.0
17072-1-0,1,0,3,0.8,0,0,1,4.85,18.0,33.167,2.0
17072-1-0,3,0,3,0.8,0,0,1,9.76,21.0,33.167,2.0
11823-2-0,2,0,3,0.53,0,0,1,,,0.105,2.0
11823-2-0,1,0,3,0.53,0,0,1,0.0,1.0,0.105,2.0
11823-2-0,3,0,3,0.53,0,0,1,,,0.105,2.0
10735-1-0,2,0,3,0.56,0,0,1,0.0,,0.136,2.0
10735-1-0,1,0,3,0.56,0,0,1,,,0.136,2.0
10735-1-0,3,0,3,0.56,0,0,1,,,0.136,2.0
10750-1-0,2,0,3,0.57,0,0,1,0.0,,0.198,2.0
10750-1-0,1,0,3,0.57,0,0,1,,,0.198,2.0
10750-1-0,3,0,3,0.57,0,0,1,,,0.198,2.0
10804-2-0,2,0,3,0.5,0,0,1,,,0.111,2.0
10804-2-0,1,0,3,0.5,0,0,1,0.0,,0.111,2.0
10804-2-0,3,0,3,0.5,0,0,1,,,0.111,2.0
11824-1-0,2,0,3,0.5,0,0,1,0.0,,0.078,2.0
11824-1-0,1,0,3,0.5,0,0,1,,,0.078,2.0
11824-1-0,3,0,3,0.5,0,0,1,,,0.078,2.0
13221-1-#,2,0,1,0.68,1,0,0,,,0.036,1.0
13221-1-#,1,0,1,0.68,1,0,0,25.0,,0.036,1.0
13221-1-#,3,0,1,0.68,1,0,0,,,0.036,1.0
17246-1-7,2,0,1,0.76,1,0,0,,,0.107,1.0
17246-1-7,1,0,1,0.76,1,0,0,20.0,1.0,0.107,1.0
17246-1-7,3,0,1,0.76,1,0,0,,,0.107,1.0
14226-1-9,2,0,1,0.43,0,1,0,,,0.057,1.0
14226-1-9,1,0,1,0.43,0,1,0,0.0,1.0,0.057,1.0
14226-1-9,3,0,1,0.43,0,1,0,,,0.057,1.0
13245-1-9,2,0,1,0.44,0,1,0,,,0.027,1.0
13245-1-9,1,0,1,0.44,0,1,0,0.0,1.0,0.027,1.0
13245-1-9,3,0,1,0.44,0,1,0,,,0.027,1.0
12237-1-#,2,0,1,0.79,1,0,0,2.94,8.0,2.552,1.05
12237-1-#,1,0,1,0.79,1,0,0,1.54,14.0,2.552,1.05
12237-1-#,3,0,1,0.79,1,0,0,6.25,11.0,2.552,1.05
13245-1-#,2,0,1,0.67,1,0,0,0.0,22.0,3.417,1.01
13245-1-#,1,0,1,0.67,1,0,0,3.37,19.0,3.417,1.01
13245-1-#,3,0,1,0.67,1,0,0,6.25,11.0,3.417,1.01
11194-2-0,2,0,2,0.57,0,1,0,0.0,1.0,0.078,7.73
11194-2-0,1,0,2,0.57,0,1,0,0.0,,0.078,7.73
11194-2-0,3,0,2,0.57,0,1,0,,,0.078,7.73
21284-1-0,2,0,2,0.56,0,1,0,,,0.033,2.24
21284-1-0,1,0,2,0.56,0,1,0,0.0,,0.033,2.24
21284-1-0,3,0,2,0.56,0,1,0,,,0.033,2.24
13334-2-0,2,0,1,0.78,1,0,0,,,0.037,2.0
13334-2-0,1,0,1,0.78,1,0,0,0.0,3.0,0.037,2.0
13334-2-0,3,0,1,0.78,1,0,0,,,0.037,2.0
16217-1-0,2,0,1,0.73,1,0,0,,,0.011,9.0
16217-1-0,1,0,1,0.73,1,0,0,0.0,2.0,0.011,9.0
16217-1-0,3,0,1,0.73,1,0,0,,,0.011,9.0
12244-2-#,2,0,1,0.72,1,0,0,,,0.084,1.96
12244-2-#,1,0,1,0.72,1,0,0,0.0,2.0,0.084,1.96
12244-2-#,3,0,1,0.72,1,0,0,0.0,,0.084,1.96
14296-2-#,2,0,1,0.6,1,0,0,0.0,,0.074,2.0
14296-2-#,1,0,1,0.6,1,0,0,,,0.074,2.0
14296-2-#,3,0,1,0.6,1,0,0,,,0.074,2.0
12195-1-0,2,0,2,0.84,0,1,0,0.0,,0.238,4.94
12195-1-0,1,0,2,0.84,0,1,0,0.0,6.0,0.238,4.94
12195-1-0,3,0,2,0.84,0,1,0,0.0,,0.238,4.94
16118-2-#,2,0,1,0.88,0,1,0,0.0,2.0,0.916,3.35
16118-2-#,1,0,1,0.88,0,1,0,0.0,2.0,0.916,3.35
16118-2-#,3,0,1,0.88,0,1,0,0.0,13.0,0.916,3.35
12195-2-0,2,0,2,0.93,0,1,0,0.0,2.0,0.112,3.83
12195-2-0,1,0,2,0.93,0,1,0,0.0,,0.112,3.83
12195-2-0,3,0,2,0.93,0,1,0,,,0.112,3.83
11189-2-0,2,0,1,0.71,0,1,0,,,3.852,2.32
11189-2-0,1,0,1,0.71,0,1,0,0.78,42.0,3.852,2.32
11189-2-0,3,0,1,0.71,0,1,0,4.17,15.0,3.852,2.32
11189-2-5,2,0,1,0.78,0,1,0,,,0.444,2.28
11189-2-5,1,0,1,0.78,0,1,0,0.0,,0.444,2.28
11189-2-5,3,0,1,0.78,0,1,0,0.0,,0.444,2.28
48083-3-1,2,0,3,0.78,0,0,1,6.82,5.0,1.234,2.0
48083-3-1,1,0,3,0.78,0,0,1,,,1.234,2.0
48083-3-1,3,0,3,0.78,0,0,1,0.0,,1.234,2.0
15031-2-0,2,0,3,0.65,0,0,1,5.0,2.0,17.383,2.0
15031-2-0,1,0,3,0.65,0,0,1,6.18,11.0,17.383,2.0
15031-2-0,3,0,3,0.65,0,0,1,12.2,4.0,17.383,2.0
15031-2-1,2,0,3,0.69,0,0,1,8.57,3.0,1.809,2.0
15031-2-1,1,0,3,0.69,0,0,1,0.0,2.0,1.809,2.0
15031-2-1,3,0,3,0.69,0,0,1,,,1.809,2.0
11517-1-0,2,0,3,0.71,0,0,1,10.53,7.0,6.45,2.0
11517-1-0,1,0,3,0.71,0,0,1,6.25,18.0,6.45,2.0
11517-1-0,3,0,3,0.71,0,0,1,23.44,13.0,6.45,2.0
11517-2-0,2,0,3,0.72,0,0,1,8.89,4.0,6.253,2.0
11517-2-0,1,0,3,0.72,0,0,1,8.15,8.0,6.253,2.0
11517-2-0,3,0,3,0.72,0,0,1,38.16,11.0,6.253,2.0
31077-2-0,2,0,3,0.72,0,0,1,3.64,4.0,16.204,2.0
31077-2-0,1,0,3,0.72,0,0,1,3.11,13.0,16.204,2.0
31077-2-0,3,0,3,0.72,0,0,1,4.0,2.0,16.204,2.0
10822-2-0,2,0,3,0.37,0,0,1,,,0.093,2.0
10822-2-0,1,0,3,0.37,0,0,1,0.0,,0.093,2.0
10822-2-0,3,0,3,0.37,0,0,1,,,0.093,2.0
17246-1-9,2,0,1,0.44,0,1,0,,,0.155,1.0
17246-1-9,1,0,1,0.44,0,1,0,0.0,2.0,0.155,1.0
17246-1-9,3,0,1,0.44,0,1,0,,,0.155,1.0
12295-1-#,2,0,1,0.54,1,0,0,,,0.036,1.0
12295-1-#,1,0,1,0.54,1,0,0,0.0,,0.036,1.0
12295-1-#,3,0,1,0.54,1,0,0,,,0.036,1.0
14296-1-#,2,0,1,0.62,1,0,0,,,0.186,1.0
14296-1-#,1,0,1,0.62,1,0,0,6.67,1.0,0.186,1.0
14296-1-#,3,0,1,0.62,1,0,0,,,0.186,1.0
12291-1-#,2,0,1,0.86,1,0,0,1.82,3.0,3.112,1.02
12291-1-#,1,0,1,0.86,1,0,0,4.84,6.0,3.112,1.02
12291-1-#,3,0,1,0.86,1,0,0,6.06,3.0,3.112,1.02
12067-2-#,2,0,3,0.55,0,0,1,1.61,2.0,27.039,2.0
12067-2-#,1,0,3,0.55,0,0,1,0.0,20.0,27.039,2.0
12067-2-#,3,0,3,0.55,0,0,1,0.0,2.0,27.039,2.0
13068-2-#,2,0,3,0.7,0,0,1,0.0,,21.542,2.0
13068-2-#,1,0,3,0.7,0,0,1,0.0,11.0,21.542,2.0
13068-2-#,3,0,3,0.7,0,0,1,0.0,2.0,21.542,2.0
10904-1-#,2,0,3,0.58,0,0,1,0.0,,0.569,2.0
10904-1-#,1,0,3,0.58,0,0,1,,,0.569,2.0
10904-1-#,3,0,3,0.58,0,0,1,,,0.569,2.0
30030-1-#,2,0,3,0.58,0,0,1,,,0.767,2.0
30030-1-#,1,0,3,0.58,0,0,1,0.0,1.0,0.767,2.0
30030-1-#,3,0,3,0.58,0,0,1,0.0,,0.767,2.0
13052-2-א,2,0,3,0.34,0,0,1,,,7.428,2.0
13052-2-א,1,0,3,0.34,0,0,1,0.0,5.0,7.428,2.0
13052-2-א,3,0,3,0.34,0,0,1,0.0,,7.428,2.0
13054-2-#,2,0,3,0.46,0,0,1,0.0,,10.084,2.0
13054-2-#,1,0,3,0.46,0,0,1,0.0,4.0,10.084,2.0
13054-2-#,3,0,3,0.46,0,0,1,0.0,5.0,10.084,2.0
15014-2-#,2,0,3,0.39,0,0,1,0.0,,6.112,2.0
15014-2-#,1,0,3,0.39,0,0,1,0.0,4.0,6.112,2.0
15014-2-#,3,0,3,0.39,0,0,1,0.0,1.0,6.112,2.0
16028-2-#,2,0,3,0.9,0,0,1,0.0,1.0,3.189,2.0
16028-2-#,1,0,3,0.9,0,0,1,0.0,1.0,3.189,2.0
16028-2-#,3,0,3,0.9,0,0,1,0.0,,3.189,2.0
22066-1-#,2,0,3,0.51,0,0,1,0.0,1.0,4.28,2.0
22066-1-#,1,0,3,0.51,0,0,1,0.0,7.0,4.28,2.0
22066-1-#,3,0,3,0.51,0,0,1,0.0,3.0,4.28,2.0
31044-1-#,2,0,3,0.25,0,0,1,0.0,2.0,4.016,2.0
31044-1-#,1,0,3,0.25,0,0,1,0.0,2.0,4.016,2.0
31044-1-#,3,0,3,0.25,0,0,1,0.0,,4.016,2.0
50087-3-#,2,0,3,0.69,0,0,1,0.0,,4.836,2.0
50087-3-#,1,0,3,0.69,0,0,1,0.0,8.0,4.836,2.0
50087-3-#,3,0,3,0.69,0,0,1,0.0,3.0,4.836,2.0
13036-3-#,2,0,3,0.78,0,0,1,3.9,5.0,39.484,2.0
13036-3-#,1,0,3,0.78,0,0,1,0.0,8.0,39.484,2.0
13036-3-#,3,0,3,0.78,0,0,1,0.0,5.0,39.484,2.0
12035-1-ב,2,0,3,0.41,0,0,1,0.0,1.0,7.251,2.0
12035-1-ב,1,0,3,0.41,0,0,1,0.0,7.0,7.251,2.0
12035-1-ב,3,0,3,0.41,0,0,1,0.0,3.0,7.251,2.0
10107-1-#,2,0,3,0.5,0,0,1,,,0.002,2.0
10107-1-#,1,0,3,0.5,0,0,1,0.0,,0.002,2.0
10107-1-#,3,0,3,0.5,0,0,1,,,0.002,2.0
14040-2-#,2,0,3,0.52,0,0,1,,,0.971,2.0
14040-2-#,1,0,3,0.52,0,0,1,0.0,1.0,0.971,2.0
14040-2-#,3,0,3,0.52,0,0,1,0.0,2.0,0.971,2.0
16020-2-#,2,0,3,0.58,0,0,1,,,1.248,2.0
16020-2-#,1,0,3,0.58,0,0,1,1.05,,1.248,2.0
16020-2-#,3,0,3,0.58,0,0,1,,,1.248,2.0
10150-1-#,2,0,3,0.99,0,1,0,0.0,,0.391,2.12
10150-1-#,1,0,3,0.99,0,1,0,0.0,1.0,0.391,2.12
10150-1-#,3,0,3,0.99,0,1,0,0.0,2.0,0.391,2.12
54084-3-#,2,0,3,0.81,0,0,1,0.0,1.0,0.072,2.0
54084-3-#,1,0,3,0.81,0,0,1,0.0,9.0,0.072,2.0
54084-3-#,3,0,3,0.81,0,0,1,0.0,1.0,0.072,2.0
13064-2-ב,2,0,3,0.74,0,0,1,0.0,1.0,2.182,2.0
13064-2-ב,1,0,3,0.74,0,0,1,0.0,2.0,2.182,2.0
13064-2-ב,3,0,3,0.74,0,0,1,,,2.182,2.0
16020-3-#,2,0,3,0.55,0,0,1,2.08,3.0,15.086,2.0
16020-3-#,1,0,3,0.55,0,0,1,0.0,1.0,15.086,2.0
16020-3-#,3,0,3,0.55,0,0,1,0.0,3.0,15.086,2.0
11801-2-#,2,0,3,0.56,0,0,1,,,0.093,2.0
11801-2-#,1,0,3,0.56,0,0,1,0.0,,0.093,2.0
11801-2-#,3,0,3,0.56,0,0,1,0.0,,0.093,2.0
10803-2-#,2,0,3,0.62,0,0,1,,,0.276,2.0
10803-2-#,1,0,3,0.62,0,0,1,0.0,,0.276,2.0
10803-2-#,3,0,3,0.62,0,0,1,0.0,,0.276,2.0
15026-3-#,2,0,3,0.72,0,0,1,2.94,,0.828,2.0
15026-3-#,1,0,3,0.72,0,0,1,0.0,,0.828,2.0
15026-3-#,3,0,3,0.72,0,0,1,,,0.828,2.0
10902-1-#,2,0,3,0.49,0,0,1,0.0,,0.245,2.0
10902-1-#,1,0,3,0.49,0,0,1,,,0.245,2.0
10902-1-#,3,0,3,0.49,0,0,1,,,0.245,2.0
12900-1-#,2,0,3,0.42,0,0,1,0.0,,0.148,2.0
12900-1-#,1,0,3,0.42,0,0,1,,,0.148,2.0
12900-1-#,3,0,3,0.42,0,0,1,,,0.148,2.0
10760-1-9,2,0,3,0.72,0,0,1,0.0,1.0,0.274,2.0
10760-1-9,1,0,3,0.72,0,0,1,,,0.274,2.0
10760-1-9,3,0,3,0.72,0,0,1,,,0.274,2.0
10762-1-9,2,0,3,0.58,0,0,1,0.0,,0.027,2.0
10762-1-9,1,0,3,0.58,0,0,1,,,0.027,2.0
10762-1-9,3,0,3,0.58,0,0,1,,,0.027,2.0
10763-2-9,2,0,3,0.61,0,0,1,,,0.09,2.0
10763-2-9,1,0,3,0.61,0,0,1,0.0,,0.09,2.0
10763-2-9,3,0,3,0.61,0,0,1,,,0.09,2.0
11971-2-#,2,0,3,0.49,0,0,1,,,0.028,2.0
11971-2-#,1,0,3,0.49,0,0,1,0.0,,0.028,2.0
11971-2-#,3,0,3,0.49,0,0,1,,,0.028,2.0
12890-2-#,2,0,3,1.0,0,0,1,,,0.033,2.0
12890-2-#,1,0,3,1.0,0,0,1,0.0,,0.033,2.0
12890-2-#,3,0,3,1.0,0,0,1,,,0.033,2.0
11972-1-#,2,0,3,0.73,0,0,1,0.0,,0.024,2.0
11972-1-#,1,0,3,0.73,0,0,1,,,0.024,2.0
11972-1-#,3,0,3,0.73,0,0,1,,,0.024,2.0
10780-2-#,2,0,3,0.62,0,0,1,,,0.195,2.0
10780-2-#,1,0,3,0.62,0,0,1,0.0,,0.195,2.0
10780-2-#,3,0,3,0.62,0,0,1,0.0,,0.195,2.0
12237-2-#,2,0,1,0.81,1,0,0,10.0,7.0,2.442,2.87
12237-2-#,1,0,1,0.81,1,0,0,0.0,32.0,2.442,2.87
12237-2-#,3,0,1,0.81,1,0,0,28.57,34.0,2.442,2.87
16118-1-#,2,0,1,0.87,0,1,0,0.0,14.0,1.092,8.82
16118-1-#,1,0,1,0.87,0,1,0,0.0,5.0,1.092,8.82
16118-1-#,3,0,1,0.87,0,1,0,0.0,7.0,1.092,8.82
16180-1-0,2,0,2,0.44,0,1,0,0.0,1.0,0.659,3.93
16180-1-0,1,0,2,0.44,0,1,0,0.0,2.0,0.659,3.93
16180-1-0,3,0,2,0.44,0,1,0,0.0,8.0,0.659,3.93
12188-2-2,2,0,2,0.76,0,1,0,,,0.805,4.3
12188-2-2,1,0,2,0.76,0,1,0,1.72,2.0,0.805,4.3
12188-2-2,3,0,2,0.76,0,1,0,3.12,3.0,0.805,4.3
12630-2-0,2,0,1,0.72,0,1,0,0.0,1.0,0.529,2.31
12630-2-0,1,0,1,0.72,0,1,0,0.0,5.0,0.529,2.31
12630-2-0,3,0,1,0.72,0,1,0,8.33,5.0,0.529,2.31
10756-1-8,2,0,3,0.78,0,0,1,0.0,,0.062,2.0
10756-1-8,1,0,3,0.78,0,0,1,,,0.062,2.0
10756-1-8,3,0,3,0.78,0,0,1,,,0.062,2.0
10757-1-9,2,0,3,0.73,0,0,1,0.0,,0.144,2.0
10757-1-9,1,0,3,0.73,0,0,1,,,0.144,2.0
10757-1-9,3,0,3,0.73,0,0,1,,,0.144,2.0
36086-2-#,2,0,3,0.49,0,0,1,0.0,,10.422,2.0
36086-2-#,1,0,3,0.49,0,0,1,0.0,1.0,10.422,2.0
36086-2-#,3,0,3,0.49,0,0,1,0.0,5.0,10.422,2.0
11541-1-#,2,0,3,0.61,0,0,1,0.0,3.0,4.174,2.0
11541-1-#,1,0,3,0.61,0,0,1,0.0,8.0,4.174,2.0
11541-1-#,3,0,3,0.61,0,0,1,0.0,11.0,4.174,2.0
44081-2-#,2,0,3,0.5,0,0,1,0.0,4.0,11.363,2.0
44081-2-#,1,0,3,0.5,0,0,1,0.0,14.0,11.363,2.0
44081-2-#,3,0,3,0.5,0,0,1,0.0,5.0,11.363,2.0
14246-3-2,2,1,3,0.54,0,0,1,1.52,,3.671,2.0
14246-3-2,1,1,3,0.54,0,0,1,3.07,3.0,3.671,2.0
14246-3-2,3,1,3,0.54,0,0,1,0.0,,3.671,2.0
12276-3-#,2,1,3,0.72,0,0,1,6.25,,2.324,2.0
12276-3-#,1,1,3,0.72,0,0,1,8.57,,2.324,2.0
12276-3-#,3,1,3,0.72,0,0,1,5.56,,2.324,2.0
12205-3-1,2,1,3,0.91,0,0,1,16.67,,2.486,2.0
12205-3-1,1,1,3,0.91,0,0,1,33.33,1.0,2.486,2.0
12205-3-1,3,1,3,0.91,0,0,1,,,2.486,2.0
14236-3-1,2,1,3,0.96,0,0,1,9.41,,13.106,2.0
14236-3-1,1,1,3,0.96,0,0,1,11.59,3.0,13.106,2.0
14236-3-1,3,1,3,0.96,0,0,1,8.91,2.0,13.106,2.0
11206-3-0,2,1,3,0.91,0,0,1,0.0,1.0,7.575,2.0
11206-3-0,1,1,3,0.91,0,0,1,3.48,6.0,7.575,2.0
11206-3-0,3,1,3,0.91,0,0,1,3.64,,7.575,2.0
11207-3-1,2,1,3,0.8,0,0,1,3.23,,3.971,2.0
11207-3-1,1,1,3,0.8,0,0,1,4.35,1.0,3.971,2.0
11207-3-1,3,1,3,0.8,0,0,1,,,3.971,2.0
11232-2-#,2,1,3,0.54,0,0,1,2.27,3.0,4.169,2.04
11232-2-#,1,1,3,0.54,0,0,1,7.5,1.0,4.169,2.04
11232-2-#,3,1,3,0.54,0,0,1,8.33,,4.169,2.04
12231-2-#,2,1,1,0.59,0,0,0,6.06,,3.611,2.03
12231-2-#,1,1,1,0.59,0,0,0,7.14,1.0,3.611,2.03
12231-2-#,3,1,1,0.59,0,0,0,23.53,,3.611,2.03
10234-2-#,2,1,3,1.0,0,0,1,6.14,,13.882,2.03
10234-2-#,1,1,3,1.0,0,0,1,13.06,,13.882,2.03
10234-2-#,3,1,3,1.0,0,0,1,14.47,1.0,13.882,2.03
13204-2-#,2,1,3,0.93,0,0,1,4.17,,1.136,2.0
13204-2-#,1,1,3,0.93,0,0,1,14.29,2.0,1.136,2.0
13204-2-#,3,1,3,0.93,0,0,1,33.33,,1.136,2.0
13204-1-#,2,1,3,0.92,0,0,1,16.67,,0.947,2.0
13204-1-#,1,1,3,0.92,0,0,1,21.43,1.0,0.947,2.0
13204-1-#,3,1,3,0.92,0,0,1,26.67,1.0,0.947,2.0
18074-2-0,2,0,3,0.59,0,0,1,1.67,2.0,29.341,2.0
18074-2-0,1,0,3,0.59,0,0,1,1.89,18.0,29.341,2.0
18074-2-0,3,0,3,0.59,0,0,1,7.58,8.0,29.341,2.0
21078-1-1,2,0,3,0.41,0,0,1,6.67,1.0,2.742,2.0
21078-1-1,1,0,3,0.41,0,0,1,7.89,1.0,2.742,2.0
21078-1-1,3,0,3,0.41,0,0,1,6.25,2.0,2.742,2.0
21078-2-0,2,0,3,0.5,0,0,1,1.39,5.0,12.971,2.0
21078-2-0,1,0,3,0.5,0,0,1,1.3,7.0,12.971,2.0
21078-2-0,3,0,3,0.5,0,0,1,3.66,4.0,12.971,2.0
39092-3-0,2,0,3,0.74,0,0,1,5.0,9.0,13.804,2.0
39092-3-0,1,0,3,0.74,0,0,1,6.44,18.0,13.804,2.0
39092-3-0,3,0,3,0.74,0,0,1,21.21,4.0,13.804,2.0
30062-1-0,2,0,3,0.75,0,0,1,6.25,11.0,1.014,2.0
30062-1-0,1,0,3,0.75,0,0,1,0.0,27.0,1.014,2.0
30062-1-0,3,0,3,0.75,0,0,1,,,1.014,2.0
31077-1-0,2,0,3,0.71,0,0,1,0.0,9.0,12.852,2.0
31077-1-0,1,0,3,0.71,0,0,1,2.59,25.0,12.852,2.0
31077-1-0,3,0,3,0.71,0,0,1,6.0,13.0,12.852,2.0
17071-2-0,2,0,3,0.73,0,0,1,8.86,9.0,34.186,2.03
17071-2-0,1,0,3,0.73,0,0,1,3.9,10.0,34.186,2.03
17071-2-0,3,0,3,0.73,0,0,1,17.07,3.0,34.186,2.03
17072-2-0,2,0,3,0.79,0,0,1,5.06,15.0,36.178,2.03
17072-2-0,1,0,3,0.79,0,0,1,3.03,15.0,36.178,2.03
17072-2-0,3,0,3,0.79,0,0,1,10.98,8.0,36.178,2.03
12292-1-#,2,0,1,0.83,1,0,0,5.45,30.0,5.42,1.01
12292-1-#,1,0,1,0.83,1,0,0,5.51,27.0,5.42,1.01
12292-1-#,3,0,1,0.83,1,0,0,9.09,11.0,5.42,1.01
13290-1-#,2,0,1,0.78,1,0,0,1.59,9.0,5.552,1.0
13290-1-#,1,0,1,0.78,1,0,0,4.97,22.0,5.552,1.0
13290-1-#,3,0,1,0.78,1,0,0,2.04,4.0,5.552,1.0
12241-1-#,2,0,1,0.69,1,0,0,,,0.044,1.0
12241-1-#,1,0,1,0.69,1,0,0,0.0,,0.044,1.0
12241-1-#,3,0,1,0.69,1,0,0,,,0.044,1.0
12242-1-#,2,0,1,0.71,1,0,0,,,0.1,1.0
12242-1-#,1,0,1,0.71,1,0,0,0.0,3.0,0.1,1.0
12242-1-#,3,0,1,0.71,1,0,0,,,0.1,1.0
12292-1-3,2,0,1,0.83,1,0,0,,,0.107,1.0
12292-1-3,1,0,1,0.83,1,0,0,20.0,1.0,0.107,1.0
12292-1-3,3,0,1,0.83,1,0,0,,,0.107,1.0
12294-1-1,2,0,1,0.99,1,0,0,,,0.007,1.56
12294-1-1,1,0,1,0.99,1,0,0,100.0,1.0,0.007,1.56
12294-1-1,3,0,1,0.99,1,0,0,,,0.007,1.56
13290-1-1,2,0,1,0.92,1,0,0,,,0.022,1.22
13290-1-1,1,0,1,0.92,1,0,0,0.0,,0.022,1.22
13290-1-1,3,0,1,0.92,1,0,0,,,0.022,1.22
12192-2-0,2,0,2,0.66,1,0,0,0.0,6.0,0.953,7.87
12192-2-0,1,0,2,0.66,1,0,0,4.0,8.0,0.953,7.87
12192-2-0,3,0,2,0.66,1,0,0,0.0,4.0,0.953,7.87
11185-2-0,2,0,2,0.95,0,1,0,0.0,4.0,1.208,4.49
11185-2-0,1,0,2,0.95,0,1,0,1.92,7.0,1.208,4.49
11185-2-0,3,0,2,0.95,0,1,0,0.0,1.0,1.208,4.49
11617-2-1,2,0,1,0.93,0,1,0,0.0,20.0,0.337,2.23
11617-2-1,1,0,1,0.93,0,1,0,16.67,6.0,0.337,2.23
11617-2-1,3,0,1,0.93,0,1,0,,,0.337,2.23
11186-2-0,2,0,2,0.84,0,1,0,0.0,2.0,0.193,7.09
11186-2-0,1,0,2,0.84,0,1,0,0.0,2.0,0.193,7.09
11186-2-0,3,0,2,0.84,0,1,0,,,0.193,7.09
12188-1-0,2,0,2,0.77,0,1,0,0.0,2.0,1.294,5.74
12188-1-0,1,0,2,0.77,0,1,0,0.88,2.0,1.294,5.74
12188-1-0,3,0,2,0.77,0,1,0,0.0,1.0,1.294,5.74
36086-1-#,2,0,3,0.5,0,0,1,0.0,2.0,10.391,2.0
36086-1-#,1,0,3,0.5,0,0,1,0.0,4.0,10.391,2.0
36086-1-#,3,0,3,0.5,0,0,1,0.0,4.0,10.391,2.0
13045-2-#,2,0,3,0.65,0,0,1,0.0,4.0,10.744,2.0
13045-2-#,1,0,3,0.65,0,0,1,0.0,5.0,10.744,2.0
13045-2-#,3,0,3,0.65,0,0,1,2.5,9.0,10.744,2.0
13273-3-1,2,1,3,0.89,0,0,1,0.0,1.0,24.449,2.0
13273-3-1,1,1,3,0.89,0,0,1,0.56,2.0,24.449,2.0
13273-3-1,3,1,3,0.89,0,0,1,1.05,1.0,24.449,2.0
10254-2-#,2,1,2,0.83,0,0,1,5.26,2.0,2.035,2.0
10254-2-#,1,1,2,0.83,0,0,1,0.0,,2.035,2.0
10254-2-#,3,1,2,0.83,0,0,1,,,2.035,2.0
13263-2-#,2,1,2,0.35,0,0,0,0.0,,6.523,2.0
13263-2-#,1,1,2,0.35,0,0,0,7.2,1.0,6.523,2.0
13263-2-#,3,1,2,0.35,0,0,0,3.08,,6.523,2.0
11232-1-#,2,1,3,0.51,0,0,1,0.0,2.0,3.258,2.0
11232-1-#,1,1,3,0.51,0,0,1,6.56,,3.258,2.0
11232-1-#,3,1,3,0.51,0,0,1,6.25,,3.258,2.0
12294-2-#,2,0,1,0.89,1,0,0,0.0,1.0,2.109,1.97
12294-2-#,1,0,1,0.89,1,0,0,2.59,25.0,2.109,1.97
12294-2-#,3,0,1,0.89,1,0,0,9.38,1.0,2.109,1.97
13245-2-#,2,0,1,0.69,1,0,0,0.0,6.0,3.11,1.99
13245-2-#,1,0,1,0.69,1,0,0,3.12,17.0,3.11,1.99
13245-2-#,3,0,1,0.69,1,0,0,13.51,10.0,3.11,1.99
13290-2-#,2,0,1,0.77,1,0,0,0.0,,4.405,1.98
13290-2-#,1,0,1,0.77,1,0,0,1.19,29.0,4.405,1.98
13290-2-#,3,0,1,0.77,1,0,0,8.16,9.0,4.405,1.98
12244-1-#,2,0,1,0.72,1,0,0,,,0.042,1.0
12244-1-#,1,0,1,0.72,1,0,0,0.0,,0.042,1.0
12244-1-#,3,0,1,0.72,1,0,0,,,0.042,1.0
12291-1-1,2,0,1,0.94,1,0,0,,,0.006,1.28
12291-1-1,1,0,1,0.94,1,0,0,50.0,,0.006,1.28
12291-1-1,3,0,1,0.94,1,0,0,,,0.006,1.28
14226-1-7,2,0,1,0.75,1,0,0,,,0.018,1.13
14226-1-7,1,0,1,0.75,1,0,0,100.0,,0.018,1.13
14226-1-7,3,0,1,0.75,1,0,0,,,0.018,1.13
12295-2-#,2,0,1,0.55,1,0,0,,,0.009,1.35
12295-2-#,1,0,1,0.55,1,0,0,0.0,1.0,0.009,1.35
12295-2-#,3,0,1,0.55,1,0,0,,,0.009,1.35
16222-2-#,2,0,1,0.68,1,0,0,,,0.076,1.95
16222-2-#,1,0,1,0.68,1,0,0,0.0,1.0,0.076,1.95
16222-2-#,3,0,1,0.68,1,0,0,0.0,,0.076,1.95
12293-1-9,2,0,1,0.54,0,1,0,,,0.044,1.03
12293-1-9,1,0,1,0.54,0,1,0,0.0,1.0,0.044,1.03
12293-1-9,3,0,1,0.54,0,1,0,,,0.044,1.03
12294-1-9,2,0,1,0.57,0,1,0,,,0.03,1.0
12294-1-9,1,0,1,0.57,0,1,0,0.0,1.0,0.03,1.0
12294-1-9,3,0,1,0.57,0,1,0,,,0.03,1.0
11224-2-#,2,0,1,0.7,1,0,0,,,0.041,1.92
11224-2-#,1,0,1,0.7,1,0,0,0.0,1.0,0.041,1.92
11224-2-#,3,0,1,0.7,1,0,0,,,0.041,1.92
11225-2-#,2,0,1,0.67,1,0,0,0.0,3.0,3.327,1.99
11225-2-#,1,0,1,0.67,1,0,0,1.56,31.0,3.327,1.99
11225-2-#,3,0,1,0.67,1,0,0,5.41,14.0,3.327,1.99
12293-1-#,2,0,1,0.85,1,0,0,1.82,15.0,4.621,1.01
12293-1-#,1,0,1,0.85,1,0,0,10.48,17.0,4.621,1.01
12293-1-#,3,0,1,0.85,1,0,0,9.09,9.0,4.621,1.01
12293-2-#,2,0,1,0.83,1,0,0,0.0,,4.679,1.99
12293-2-#,1,0,1,0.83,1,0,0,3.12,37.0,4.679,1.99
12293-2-#,3,0,1,0.83,1,0,0,2.04,5.0,4.679,1.99
14226-1-#,2,0,1,0.65,1,0,0,5.26,23.0,3.819,1.01
14226-1-#,1,0,1,0.65,1,0,0,6.4,15.0,3.819,1.01
14226-1-#,3,0,1,0.65,1,0,0,0.0,3.0,3.819,1.01
12192-1-0,2,0,2,0.66,1,0,0,0.0,,0.844,5.27
12192-1-0,1,0,2,0.66,1,0,0,0.0,1.0,0.844,5.27
12192-1-0,3,0,2,0.66,1,0,0,0.0,18.0,0.844,5.27
16239-1-#,2,0,1,0.71,1,0,0,5.0,19.0,0.646,1.01
16239-1-#,1,0,1,0.71,1,0,0,17.65,7.0,0.646,1.01
16239-1-#,3,0,1,0.71,1,0,0,0.0,6.0,0.646,1.01
10758-2-9,2,0,3,0.5,0,0,1,,,0.103,2.0
10758-2-9,1,0,3,0.5,0,0,1,0.0,,0.103,2.0
10758-2-9,3,0,3,0.5,0,0,1,,,0.103,2.0
11843-1-8,2,0,3,0.7,0,0,1,0.0,,0.261,2.0
11843-1-8,1,0,3,0.7,0,0,1,,,0.261,2.0
11843-1-8,3,0,3,0.7,0,0,1,,,0.261,2.0
11843-1-9,2,0,3,0.84,0,0,1,0.0,,0.038,2.0
11843-1-9,1,0,3,0.84,0,0,1,,,0.038,2.0
11843-1-9,3,0,3,0.84,0,0,1,,,0.038,2.0
13218-3-1,2,1,1,0.93,0,0,0,0.0,5.0,32.226,2.15
13218-3-1,1,1,1,0.93,0,0,0,3.41,8.0,32.226,2.15
13218-3-1,3,1,1,0.93,0,0,0,4.55,14.0,32.226,2.15
12226-1-2,2,1,3,0.51,0,0,1,0.0,1.0,4.043,2.0
12226-1-2,1,1,3,0.51,0,0,1,4.3,2.0,4.043,2.0
12226-1-2,3,1,3,0.51,0,0,1,0.0,,4.043,2.0
13263-1-#,2,1,2,0.35,0,0,0,4.0,,8.112,2.0
13263-1-#,1,1,2,0.35,0,0,0,3.33,9.0,8.112,2.0
13263-1-#,3,1,2,0.35,0,0,0,1.54,1.0,8.112,2.0
14203-2-#,2,1,3,0.69,0,0,1,11.11,,5.314,2.0
14203-2-#,1,1,3,0.69,0,0,1,14.29,,5.314,2.0
14203-2-#,3,1,3,0.69,0,0,1,34.29,1.0,5.314,2.0
11189-1-0,2,0,1,0.76,0,1,0,0.0,11.0,7.068,2.57
11189-1-0,1,0,1,0.76,0,1,0,1.6,58.0,7.068,2.57
11189-1-0,3,0,1,0.76,0,1,0,7.81,49.0,7.068,2.57
11189-1-5,2,0,1,0.75,0,1,0,,,0.419,3.2
11189-1-5,1,0,1,0.75,0,1,0,0.0,14.0,0.419,3.2
11189-1-5,3,0,1,0.75,0,1,0,0.0,7.0,0.419,3.2
11618-2-1,2,0,1,0.93,0,1,0,0.0,6.0,0.293,2.26
11618-2-1,1,0,1,0.93,0,1,0,33.33,4.0,0.293,2.26
11618-2-1,3,0,1,0.93,0,1,0,,,0.293,2.26
13387-1-0,2,0,1,0.59,1,0,0,,,0.031,2.66
13387-1-0,1,0,1,0.59,1,0,0,0.0,,0.031,2.66
13387-1-0,3,0,1,0.59,1,0,0,,,0.031,2.66
47091-2-0,2,0,3,0.44,0,0,1,5.26,13.0,11.426,2.0
47091-2-0,1,0,3,0.44,0,0,1,4.68,11.0,11.426,2.0
47091-2-0,3,0,3,0.44,0,0,1,31.71,20.0,11.426,2.0
15504-3-0,2,0,3,0.69,0,0,1,2.9,19.0,18.356,2.0
15504-3-0,1,0,3,0.69,0,0,1,3.99,27.0,18.356,2.0
15504-3-0,3,0,3,0.69,0,0,1,2.44,44.0,18.356,2.0
14136-1-0,2,0,3,1.0,0,0,1,,,0.259,2.01
14136-1-0,1,0,3,1.0,0,0,1,0.0,,0.259,2.01
14136-1-0,3,0,3,1.0,0,0,1,16.67,1.0,0.259,2.01
30062-3-0,2,0,3,0.7,0,0,1,9.47,6.0,41.438,2.0
30062-3-0,1,0,3,0.7,0,0,1,3.09,23.0,41.438,2.0
30062-3-0,3,0,3,0.7,0,0,1,17.35,16.0,41.438,2.0
11844-1-0,2,0,3,0.64,0,0,1,0.0,,0.572,2.0
11844-1-0,1,0,3,0.64,0,0,1,,,0.572,2.0
11844-1-0,3,0,3,0.64,0,0,1,,,0.572,2.0
11882-2-0,2,0,3,0.56,0,0,1,,,0.096,2.0
11882-2-0,1,0,3,0.56,0,0,1,0.0,1.0,0.096,2.0
11882-2-0,3,0,3,0.56,0,0,1,,,0.096,2.0
10757-2-9,2,0,3,0.58,0,0,1,,,0.149,2.0
10757-2-9,1,0,3,0.58,0,0,1,0.0,,0.149,2.0
10757-2-9,3,0,3,0.58,0,0,1,,,0.149,2.0
10758-1-9,2,0,3,0.78,0,0,1,0.0,,0.047,2.0
10758-1-9,1,0,3,0.78,0,0,1,,,0.047,2.0
10758-1-9,3,0,3,0.78,0,0,1,,,0.047,2.0
27061-1-#,2,0,3,0.6,0,0,1,0.0,1.0,8.904,2.0
27061-1-#,1,0,3,0.6,0,0,1,0.0,3.0,8.904,2.0
27061-1-#,3,0,3,0.6,0,0,1,0.0,1.0,8.904,2.0
44081-1-#,2,0,3,0.57,0,0,1,0.0,7.0,12.058,2.0
44081-1-#,1,0,3,0.57,0,0,1,0.0,22.0,12.058,2.0
44081-1-#,3,0,3,0.57,0,0,1,0.0,20.0,12.058,2.0
47085-2-#,2,0,3,0.42,0,0,1,0.0,2.0,8.459,2.0
47085-2-#,1,0,3,0.42,0,0,1,0.0,17.0,8.459,2.0
47085-2-#,3,0,3,0.42,0,0,1,0.0,6.0,8.459,2.0
11278-3-2,2,1,3,0.5,0,0,0,0.0,,0.118,2.0
11278-3-2,1,1,3,0.5,0,0,0,0.0,,0.118,2.0
11278-3-2,3,1,3,0.5,0,0,0,0.0,,0.118,2.0
10765-2-9,2,0,3,0.75,0,0,1,,,0.013,2.0
10765-2-9,1,0,3,0.75,0,0,1,0.0,,0.013,2.0
10765-2-9,3,0,3,0.75,0,0,1,,,0.013,2.0
27061-2-#,2,0,3,0.61,0,0,1,0.0,,7.338,2.0
27061-2-#,1,0,3,0.61,0,0,1,0.0,5.0,7.338,2.0
27061-2-#,3,0,3,0.61,0,0,1,1.52,5.0,7.338,2.0
12025-1-#,2,0,3,0.68,0,0,1,2.5,6.0,12.489,2.0
12025-1-#,1,0,3,0.68,0,0,1,0.0,15.0,12.489,2.0
12025-1-#,3,0,3,0.68,0,0,1,0.0,10.0,12.489,2.0
11274-3-1,2,1,3,0.92,0,0,1,0.68,,46.89,2.0
11274-3-1,1,1,3,0.92,0,0,1,0.57,16.0,46.89,2.0
11274-3-1,3,1,3,0.92,0,0,1,1.75,3.0,46.89,2.0
10257-3-#,2,1,3,0.87,0,0,1,0.0,,6.659,2.0
10257-3-#,1,1,3,0.87,0,0,1,0.69,4.0,6.659,2.0
10257-3-#,3,1,3,0.87,0,0,1,3.95,1.0,6.659,2.0
12226-2-2,2,1,3,0.83,0,0,1,13.79,,6.054,2.0
12226-2-2,1,1,3,0.83,0,0,1,6.8,1.0,6.054,2.0
12226-2-2,3,1,3,0.83,0,0,1,11.76,,6.054,2.0
15285-3-2,2,1,2,0.47,0,0,0,4.17,,3.914,2.0
15285-3-2,1,1,2,0.47,0,0,0,1.52,,3.914,2.0
15285-3-2,3,1,2,0.47,0,0,0,8.7,,3.914,2.0
14275-3-#,2,1,3,0.47,0,0,1,2.3,,13.958,2.0
14275-3-#,1,1,3,0.47,0,0,1,1.75,1.0,13.958,2.0
14275-3-#,3,1,3,0.47,0,0,1,1.87,1.0,13.958,2.0
11207-3-#,2,1,3,0.9,0,0,1,0.0,,7.258,2.0
11207-3-#,1,1,3,0.9,0,0,1,7.91,1.0,7.258,2.0
11207-3-#,3,1,3,0.9,0,0,1,12.82,,7.258,2.0
16180-2-0,2,0,2,0.85,0,0,1,0.0,3.0,0.361,7.6
16180-2-0,1,0,2,0.85,0,0,1,0.0,2.0,0.361,7.6
16180-2-0,3,0,2,0.85,0,0,1,6.25,,0.361,7.6
12025-2-#,2,0,3,0.81,0,0,1,0.0,,12.631,2.0
12025-2-#,1,0,3,0.81,0,0,1,0.78,7.0,12.631,2.0
12025-2-#,3,0,3,0.81,0,0,1,0.0,2.0,12.631,2.0
13045-1-#,2,0,3,0.58,0,0,1,0.0,4.0,10.439,2.0
13045-1-#,1,0,3,0.58,0,0,1,0.0,17.0,10.439,2.0
13045-1-#,3,0,3,0.58,0,0,1,0.0,10.0,10.439,2.0
17271-3-2,2,1,3,0.72,0,0,1,2.0,,1.484,2.0
17271-3-2,1,1,3,0.72,0,0,1,0.0,1.0,1.484,2.0
17271-3-2,3,1,3,0.72,0,0,1,2.22,1.0,1.484,2.0
13272-3-#,2,1,3,0.67,0,0,1,0.0,,0.051,2.0
13272-3-#,1,1,3,0.67,0,0,1,0.0,,0.051,2.0
13272-3-#,3,1,3,0.67,0,0,1,0.0,,0.051,2.0
12205-3-0,2,1,3,0.72,0,0,1,12.5,6.0,7.768,2.0
12205-3-0,1,1,3,0.72,0,0,1,2.63,4.0,7.768,2.0
12205-3-0,3,1,3,0.72,0,0,1,6.67,1.0,7.768,2.0
11255-2-1,2,1,3,0.54,0,0,1,12.0,1.0,1.058,2.0
11255-2-1,1,1,3,0.54,0,0,1,,,1.058,2.0
11255-2-1,3,1,3,0.54,0,0,1,,,1.058,2.0
12292-2-#,2,0,1,0.82,1,0,0,0.0,,4.547,1.98
12292-2-#,1,0,1,0.82,1,0,0,2.44,39.0,4.547,1.98
12292-2-#,3,0,1,0.82,1,0,0,14.29,6.0,4.547,1.98
12292-1-1,2,0,1,0.93,1,0,0,,,0.029,1.0
12292-1-1,1,0,1,0.93,1,0,0,50.0,,0.029,1.0
12292-1-1,3,0,1,0.93,1,0,0,,,0.029,1.0
12293-1-1,2,0,1,0.99,1,0,0,,,0.093,1.0
12293-1-1,1,0,1,0.99,1,0,0,40.0,,0.093,1.0
12293-1-1,3,0,1,0.99,1,0,0,,,0.093,1.0
18279-1-#,2,0,1,0.69,1,0,0,,,0.074,1.0
18279-1-#,1,0,1,0.69,1,0,0,0.0,3.0,0.074,1.0
18279-1-#,3,0,1,0.69,1,0,0,,,0.074,1.0
10254-3-#,2,1,2,0.72,0,0,0,7.94,1.0,13.796,2.0
10254-3-#,1,1,2,0.72,0,0,0,5.97,1.0,13.796,2.0
10254-3-#,3,1,2,0.72,0,0,0,2.78,,13.796,2.0
11286-3-2,2,1,3,0.74,0,0,1,9.68,,7.474,2.0
11286-3-2,1,1,3,0.74,0,0,1,1.37,3.0,7.474,2.0
11286-3-2,3,1,3,0.74,0,0,1,0.0,,7.474,2.0
12287-3-#,2,1,3,1.0,0,0,1,0.0,1.0,2.359,2.0
12287-3-#,1,1,3,1.0,0,0,1,3.08,1.0,2.359,2.0
12287-3-#,3,1,3,1.0,0,0,1,2.5,3.0,2.359,2.0
18201-1-#,2,1,3,0.72,0,0,1,0.0,1.0,12.248,2.0
18201-1-#,1,1,3,0.72,0,0,1,0.33,1.0,12.248,2.0
18201-1-#,3,1,3,0.72,0,0,1,0.72,1.0,12.248,2.0
17246-1-#,2,0,1,0.66,1,0,0,7.89,50.0,4.256,1.01
17246-1-#,1,0,1,0.66,1,0,0,2.46,34.0,4.256,1.01
17246-1-#,3,0,1,0.66,1,0,0,3.03,16.0,4.256,1.01
16239-2-#,2,0,1,0.74,1,0,0,,,0.588,2.0
16239-2-#,1,0,1,0.74,1,0,0,5.26,9.0,0.588,2.0
16239-2-#,3,0,1,0.74,1,0,0,5.88,34.0,0.588,2.0
11185-1-0,2,0,2,0.85,0,1,0,5.0,3.0,2.958,5.44
11185-1-0,1,0,2,0.85,0,1,0,2.24,7.0,2.958,5.44
11185-1-0,3,0,2,0.85,0,1,0,0.0,7.0,2.958,5.44
12630-1-0,2,0,1,0.73,0,1,0,0.0,1.0,0.437,2.0
12630-1-0,1,0,1,0.73,0,1,0,3.23,8.0,0.437,2.0
12630-1-0,3,0,1,0.73,0,1,0,0.0,9.0,0.437,2.0
15289-1-0,2,0,2,0.74,0,1,0,,,0.212,4.07
15289-1-0,1,0,2,0.74,0,1,0,0.0,7.0,0.212,4.07
15289-1-0,3,0,2,0.74,0,1,0,0.0,17.0,0.212,4.07
15289-2-0,2,0,2,0.65,0,1,0,0.0,16.0,0.79,2.63
15289-2-0,1,0,2,0.65,0,1,0,0.0,3.0,0.79,2.63
15289-2-0,3,0,2,0.65,0,1,0,0.0,3.0,0.79,2.63
12195-2-1,2,0,2,0.81,0,1,0,,,0.187,6.17
12195-2-1,1,0,2,0.81,0,1,0,0.0,1.0,0.187,6.17
12195-2-1,3,0,2,0.81,0,1,0,0.0,,0.187,6.17
11185-2-2,2,0,2,0.82,0,1,0,,,1.434,5.61
11185-2-2,1,0,2,0.82,0,1,0,3.03,5.0,1.434,5.61
11185-2-2,3,0,2,0.82,0,1,0,5.0,1.0,1.434,5.61
12188-2-0,2,0,2,0.92,0,1,0,0.0,4.0,0.709,2.86
12188-2-0,1,0,2,0.92,0,1,0,1.67,6.0,0.709,2.86
12188-2-0,3,0,2,0.92,0,1,0,,,0.709,2.86
10756-1-9,2,0,3,0.8,0,0,1,0.0,1.0,0.202,2.0
10756-1-9,1,0,3,0.8,0,0,1,,,0.202,2.0
10756-1-9,3,0,3,0.8,0,0,1,,,0.202,2.0
47085-1-#,2,0,3,0.43,0,0,1,0.0,3.0,6.375,2.0
47085-1-#,1,0,3,0.43,0,0,1,0.0,29.0,6.375,2.0
47085-1-#,3,0,3,0.43,0,0,1,0.0,19.0,6.375,2.0
11256-3-2,2,1,3,0.95,0,0,1,4.29,1.0,8.804,2.0
11256-3-2,1,1,3,0.95,0,0,1,0.62,3.0,8.804,2.0
11256-3-2,3,1,3,0.95,0,0,1,0.0,,8.804,2.0
13263-1-1,2,1,2,0.3,0,0,0,12.5,,0.873,2.0
13263-1-1,1,1,2,0.3,0,0,0,0.0,,0.873,2.0
13263-1-1,3,1,2,0.3,0,0,0,8.33,,0.873,2.0
11206-3-1,2,1,3,0.88,0,0,1,24.39,,2.363,2.0
11206-3-1,1,1,3,0.88,0,0,1,0.0,,2.363,2.0
11206-3-1,3,1,3,0.88,0,0,1,,,2.363,2.0
12231-1-#,2,1,1,0.49,0,0,0,0.0,2.0,2.434,2.0
12231-1-#,1,1,1,0.49,0,0,0,7.14,,2.434,2.0
12231-1-#,3,1,1,0.49,0,0,0,12.5,4.0,2.434,2.0
14203-1-#,2,1,3,0.65,0,0,1,10.0,,3.308,2.0
14203-1-#,1,1,3,0.65,0,0,1,12.9,3.0,3.308,2.0
14203-1-#,3,1,3,0.65,0,0,1,11.76,5.0,3.308,2.0
12053-2-#,2,0,3,0.52,0,0,1,0.0,,3.691,2.0
12053-2-#,1,0,3,0.52,0,0,1,0.0,,3.691,2.0
12053-2-#,3,0,3,0.52,0,0,1,0.0,1.0,3.691,2.0
11790-1-#,2,0,3,0.64,0,0,1,0.0,,0.061,2.0
11790-1-#,1,0,3,0.64,0,0,1,,,0.061,2.0
11790-1-#,3,0,3,0.64,0,0,1,,,0.061,2.0
11970-2-#,2,0,3,0.06,0,0,1,,,0.152,2.0
11970-2-#,1,0,3,0.06,0,0,1,0.0,,0.152,2.0
11970-2-#,3,0,3,0.06,0,0,1,0.0,,0.152,2.0
10134-2-#,2,0,3,0.91,1,0,0,6.52,62.0,5.721,5.0
10134-2-#,1,0,3,0.91,1,0,0,3.08,55.0,5.721,5.0
10134-2-#,3,0,3,0.91,1,0,0,6.06,39.0,5.721,5.0
11156-2-1,2,0,3,0.44,0,1,0,14.29,4.0,0.497,8.0
11156-2-1,1,0,3,0.44,0,1,0,,,0.497,8.0
11156-2-1,3,0,3,0.44,0,1,0,,,0.497,8.0
11157-1-#,2,0,3,0.6,0,1,0,0.0,2.0,2.154,3.51
11157-1-#,1,0,3,0.6,0,1,0,4.65,2.0,2.154,3.51
11157-1-#,3,0,3,0.6,0,1,0,6.12,15.0,2.154,3.51
12154-2-א,2,0,3,0.73,0,1,0,0.0,,0.175,7.83
12154-2-א,1,0,3,0.73,0,1,0,,,0.175,7.83
12154-2-א,3,0,3,0.73,0,1,0,,,0.175,7.83
10105-1-#,2,0,3,0.71,1,0,0,,,0.089,2.09
10105-1-#,1,0,3,0.71,1,0,0,0.0,4.0,0.089,2.09
10105-1-#,3,0,3,0.71,1,0,0,,,0.089,2.09
11123-1-#,2,0,3,0.49,1,0,0,,,0.17,5.47
11123-1-#,1,0,3,0.49,1,0,0,,,0.17,5.47
11123-1-#,3,0,3,0.49,1,0,0,41.67,13.0,0.17,5.47
13121-2-#,2,0,3,0.62,1,0,0,0.0,1.0,0.142,6.0
13121-2-#,1,0,3,0.62,1,0,0,,,0.142,6.0
13121-2-#,3,0,3,0.62,1,0,0,,,0.142,6.0
10124-1-#,2,0,3,0.53,1,0,0,,,0.831,4.01
10124-1-#,1,0,3,0.53,1,0,0,7.14,2.0,0.831,4.01
10124-1-#,3,0,3,0.53,1,0,0,0.0,6.0,0.831,4.01
11142-2-#,2,0,2,0.56,1,0,0,0.0,5.0,2.236,3.7
11142-2-#,1,0,2,0.56,1,0,0,2.33,20.0,2.236,3.7
11142-2-#,3,0,2,0.56,1,0,0,8.33,7.0,2.236,3.7
14144-2-#,2,0,1,0.57,1,0,0,0.0,10.0,1.51,2.0
14144-2-#,1,0,1,0.57,1,0,0,8.06,15.0,1.51,2.0
14144-2-#,3,0,1,0.57,1,0,0,17.65,5.0,1.51,2.0
11145-1-#,2,0,1,0.64,1,0,0,5.26,26.0,3.279,2.0
11145-1-#,1,0,1,0.64,1,0,0,6.59,104.0,3.279,2.0
11145-1-#,3,0,1,0.64,1,0,0,24.24,59.0,3.279,2.0
15148-2-#,2,0,1,0.78,1,0,0,0.0,6.0,0.498,5.28
15148-2-#,1,0,1,0.78,1,0,0,2.63,8.0,0.498,5.28
15148-2-#,3,0,1,0.78,1,0,0,0.0,2.0,0.498,5.28
11376-1-#,2,0,2,0.64,1,0,0,25.0,8.0,0.162,2.55
11376-1-#,1,0,2,0.64,1,0,0,11.76,16.0,0.162,2.55
11376-1-#,3,0,2,0.64,1,0,0,12.5,4.0,0.162,2.55
12366-2-#,2,0,2,0.51,1,0,0,11.11,34.0,0.267,5.0
12366-2-#,1,0,2,0.51,1,0,0,40.0,11.0,0.267,5.0
12366-2-#,3,0,2,0.51,1,0,0,0.0,1.0,0.267,5.0
20383-2-#,2,0,2,0.74,1,0,0,0.0,11.0,0.609,3.0
20383-2-#,1,0,2,0.74,1,0,0,2.5,37.0,0.609,3.0
20383-2-#,3,0,2,0.74,1,0,0,50.0,4.0,0.609,3.0
11260-1-#,2,0,2,0.69,1,0,0,,,0.026,2.05
11260-1-#,1,0,2,0.69,1,0,0,0.0,6.0,0.026,2.05
11260-1-#,3,0,2,0.69,1,0,0,,,0.026,2.05
10163-1-0,2,0,3,0.7,0,0,1,0.0,2.0,1.868,2.0
10163-1-0,1,0,3,0.7,0,0,1,3.57,5.0,1.868,2.0
10163-1-0,3,0,3,0.7,0,0,1,0.0,,1.868,2.0
21078-1-0,2,0,3,0.44,0,0,1,0.0,5.0,12.955,2.0
21078-1-0,1,0,3,0.44,0,0,1,2.4,11.0,12.955,2.0
21078-1-0,3,0,3,0.44,0,0,1,1.52,5.0,12.955,2.0
14136-2-0,2,0,3,1.0,0,0,1,,,0.21,4.76
14136-2-0,1,0,3,1.0,0,0,1,3.12,,0.21,4.76
14136-2-0,3,0,3,1.0,0,0,1,33.33,,0.21,4.76
35097-3-0,2,0,3,0.79,0,0,1,6.76,3.0,9.811,2.06
35097-3-0,1,0,3,0.79,0,0,1,7.04,10.0,9.811,2.06
35097-3-0,3,0,3,0.79,0,0,1,24.39,5.0,9.811,2.06
10773-1-0,2,0,3,0.57,0,0,1,0.0,,0.082,2.0
10773-1-0,1,0,3,0.57,0,0,1,,,0.082,2.0
10773-1-0,3,0,3,0.57,0,0,1,,,0.082,2.0
11793-2-0,2,0,3,0.41,0,0,1,,,0.102,2.06
11793-2-0,1,0,3,0.41,0,0,1,0.0,,0.102,2.06
11793-2-0,3,0,3,0.41,0,0,1,,,0.102,2.06
11793-1-0,2,0,3,0.3,0,0,1,20.0,,0.102,2.0
11793-1-0,1,0,3,0.3,0,0,1,,,0.102,2.0
11793-1-0,3,0,3,0.3,0,0,1,,,0.102,2.0
10314-2-0,2,0,1,0.76,1,0,0,,,0.047,1.95
10314-2-0,1,0,1,0.76,1,0,0,0.0,1.0,0.047,1.95
10314-2-0,3,0,1,0.76,1,0,0,,,0.047,1.95
10324-2-0,2,0,1,0.78,1,0,0,,,0.018,2.0
10324-2-0,1,0,1,0.78,1,0,0,0.0,4.0,0.018,2.0
10324-2-0,3,0,1,0.78,1,0,0,,,0.018,2.0
10344-2-0,2,0,1,0.75,1,0,0,,,0.047,2.0
10344-2-0,1,0,1,0.75,1,0,0,50.0,,0.047,2.0
10344-2-0,3,0,1,0.75,1,0,0,,,0.047,2.0
12294-1-#,2,0,1,0.9,1,0,0,5.41,12.0,2.418,1.02
12294-1-#,1,0,1,0.9,1,0,0,4.4,17.0,2.418,1.02
12294-1-#,3,0,1,0.9,1,0,0,6.06,17.0,2.418,1.02
13221-2-#,2,0,1,0.68,1,0,0,,,0.064,1.95
13221-2-#,1,0,1,0.68,1,0,0,0.0,2.0,0.064,1.95
13221-2-#,3,0,1,0.68,1,0,0,0.0,,0.064,1.95
12241-2-#,2,0,1,0.7,1,0,0,,,0.111,1.97
12241-2-#,1,0,1,0.7,1,0,0,0.0,1.0,0.111,1.97
12241-2-#,3,0,1,0.7,1,0,0,,,0.111,1.97
12291-2-#,2,0,1,0.85,1,0,0,10.53,1.0,4.125,1.98
12291-2-#,1,0,1,0.85,1,0,0,5.52,6.0,4.125,1.98
12291-2-#,3,0,1,0.85,1,0,0,2.04,5.0,4.125,1.98
18279-2-#,2,0,1,0.7,1,0,0,,,0.123,1.97
18279-2-#,1,0,1,0.7,1,0,0,0.0,3.0,0.123,1.97
18279-2-#,3,0,1,0.7,1,0,0,,,0.123,1.97
11194-1-0,2,0,2,0.5,0,1,0,,,0.188,2.55
11194-1-0,1,0,2,0.5,0,1,0,0.0,5.0,0.188,2.55
11194-1-0,3,0,2,0.5,0,1,0,0.0,2.0,0.188,2.55
10629-1-0,2,0,1,0.84,0,1,0,,,0.175,2.0
10629-1-0,1,0,1,0.84,0,1,0,0.0,14.0,0.175,2.0
10629-1-0,3,0,1,0.84,0,1,0,0.0,7.0,0.175,2.0
10629-2-0,2,0,1,0.9,0,1,0,,,0.166,2.0
10629-2-0,1,0,1,0.9,0,1,0,0.0,16.0,0.166,2.0
10629-2-0,3,0,1,0.9,0,1,0,0.0,,0.166,2.0
11189-2-1,2,0,1,0.65,0,1,0,0.0,18.0,2.439,2.32
11189-2-1,1,0,1,0.65,0,1,0,0.0,7.0,2.439,2.32
11189-2-1,3,0,1,0.65,0,1,0,,,2.439,2.32
11541-2-#,2,0,3,0.55,0,0,1,2.27,11.0,3.92,2.0
11541-2-#,1,0,3,0.55,0,0,1,0.0,14.0,3.92,2.0
11541-2-#,3,0,3,0.55,0,0,1,0.0,3.0,3.92,2.0
12025-1-ך,2,0,3,0.5,0,0,1,,,0.206,2.0
12025-1-ך,1,0,3,0.5,0,0,1,0.0,6.0,0.206,2.0
12025-1-ך,3,0,3,0.5,0,0,1,,,0.206,2.0
11843-2-9,2,0,3,0.57,0,0,1,,,0.217,2.0
11843-2-9,1,0,3,0.57,0,0,1,0.0,,0.217,2.0
11843-2-9,3,0,3,0.57,0,0,1,,,0.217,2.0
12025-2-ב,2,0,3,0.54,0,0,1,0.0,1.0,3.007,2.0
12025-2-ב,1,0,3,0.54,0,0,1,0.0,8.0,3.007,2.0
12025-2-ב,3,0,3,0.54,0,0,1,0.0,2.0,3.007,2.0
11255-3-#,2,1,3,0.64,0,0,1,0.0,,14.835,2.0
11255-3-#,1,1,3,0.64,0,0,1,3.93,8.0,14.835,2.0
11255-3-#,3,1,3,0.64,0,0,1,6.35,7.0,14.835,2.0
18201-2-#,2,1,3,0.7,0,0,1,0.0,,11.673,2.0
18201-2-#,1,1,3,0.7,0,0,1,1.33,,11.673,2.0
18201-2-#,3,1,3,0.7,0,0,1,0.0,,11.673,2.0
10234-1-#,2,1,3,1.0,0,0,1,1.11,,10.544,2.0
10234-1-#,1,1,3,1.0,0,0,1,4.7,,10.544,2.0
10234-1-#,3,1,3,1.0,0,0,1,10.16,3.0,10.544,2.0
10214-3-2,2,1,3,0.97,0,0,0,20.0,,0.054,2.0
10214-3-2,1,1,3,0.97,0,0,0,55.56,,0.054,2.0
10214-3-2,3,1,3,0.97,0,0,0,62.5,,0.054,2.0
10213-3-#,2,1,3,0.02,0,0,1,33.33,,0.249,2.0
10213-3-#,1,1,3,0.02,0,0,1,33.33,2.0,0.249,2.0
10213-3-#,3,1,3,0.02,0,0,1,41.67,,0.249,2.0
